variable,index,time_s,sax_before,sax_after,symbol_before,symbol_after,symbol_jump
Flow Rate of the Condenser Water Loop (kg/s),8239,2471700.0,0,1,a,b,1
Flow Rate of the Condenser Water Loop (kg/s),8250,2475000.0,1,0,b,a,1
Flow Rate of the Condenser Water Loop (kg/s),10257,3077100.0,0,1,a,b,1
Flow Rate of the Condenser Water Loop (kg/s),10269,3080700.0,1,0,b,a,1
Flow Rate of the Condenser Water Loop (kg/s),10545,3163500.0,0,1,a,b,1
Flow Rate of the Condenser Water Loop (kg/s),10556,3166800.0,1,0,b,a,1
Flow Rate of the Condenser Water Loop (kg/s),10564,3169200.0,0,1,a,b,1
Flow Rate of the Condenser Water Loop (kg/s),10575,3172500.0,1,0,b,a,1
Flow Rate of the Condenser Water Loop (kg/s),10791,3237300.0,0,1,a,b,1
Flow Rate of the Condenser Water Loop (kg/s),10804,3241200.0,1,0,b,a,1
Flow Rate of the Condenser Water Loop (kg/s),10808,3242400.0,0,1,a,b,1
Flow Rate of the Condenser Water Loop (kg/s),10831,3249300.0,1,0,b,a,1
Flow Rate of the Condenser Water Loop (kg/s),10836,3250800.0,0,1,a,b,1
Flow Rate of the Condenser Water Loop (kg/s),10853,3255900.0,1,0,b,a,1
Flow Rate of the Condenser Water Loop (kg/s),10859,3257700.0,0,1,a,b,1
Flow Rate of the Condenser Water Loop (kg/s),10871,3261300.0,1,0,b,a,1
Flow Rate of the Condenser Water Loop (kg/s),10882,3264600.0,0,1,a,b,1
Flow Rate of the Condenser Water Loop (kg/s),10885,3265500.0,1,0,b,a,1
Flow Rate of the Condenser Water Loop (kg/s),13676,4102800.0,0,1,a,b,1
Flow Rate of the Condenser Water Loop (kg/s),13688,4106400.0,1,0,b,a,1
Flow Rate of the Condenser Water Loop (kg/s),13693,4107900.0,0,1,a,b,1
Flow Rate of the Condenser Water Loop (kg/s),13763,4128900.0,1,0,b,a,1
Flow Rate of the Condenser Water Loop (kg/s),13948,4184400.0,0,1,a,b,1
Flow Rate of the Condenser Water Loop (kg/s),13961,4188300.0,1,0,b,a,1
Flow Rate of the Condenser Water Loop (kg/s),13966,4189800.0,0,1,a,b,1
Flow Rate of the Condenser Water Loop (kg/s),13987,4196100.0,1,0,b,a,1
Flow Rate of the Condenser Water Loop (kg/s),13991,4197300.0,0,1,a,b,1
Flow Rate of the Condenser Water Loop (kg/s),14048,4214400.0,1,0,b,a,1
Flow Rate of the Condenser Water Loop (kg/s),14236,4270800.0,0,1,a,b,1
Flow Rate of the Condenser Water Loop (kg/s),14255,4276500.0,1,0,b,a,1
Flow Rate of the Condenser Water Loop (kg/s),14259,4277700.0,0,1,a,b,1
Flow Rate of the Condenser Water Loop (kg/s),14283,4284900.0,1,0,b,a,1
Flow Rate of the Condenser Water Loop (kg/s),14287,4286100.0,0,1,a,b,1
Flow Rate of the Condenser Water Loop (kg/s),14313,4293900.0,1,0,b,a,1
Flow Rate of the Condenser Water Loop (kg/s),14317,4295100.0,0,1,a,b,1
Flow Rate of the Condenser Water Loop (kg/s),14337,4301100.0,1,0,b,a,1
Flow Rate of the Condenser Water Loop (kg/s),14502,4350600.0,0,1,a,b,1
Flow Rate of the Condenser Water Loop (kg/s),14513,4353900.0,1,0,b,a,1
Flow Rate of the Condenser Water Loop (kg/s),14521,4356300.0,0,1,a,b,1
Flow Rate of the Condenser Water Loop (kg/s),14535,4360500.0,1,0,b,a,1
Flow Rate of the Condenser Water Loop (kg/s),14540,4362000.0,0,1,a,b,1
Flow Rate of the Condenser Water Loop (kg/s),14557,4367100.0,1,0,b,a,1
Flow Rate of the Condenser Water Loop (kg/s),14561,4368300.0,0,1,a,b,1
Flow Rate of the Condenser Water Loop (kg/s),14612,4383600.0,1,0,b,a,1
Flow Rate of the Condenser Water Loop (kg/s),14617,4385100.0,0,1,a,b,1
Flow Rate of the Condenser Water Loop (kg/s),14628,4388400.0,1,0,b,a,1
Flow Rate of the Condenser Water Loop (kg/s),14811,4443300.0,0,1,a,b,1
Flow Rate of the Condenser Water Loop (kg/s),14907,4472100.0,1,0,b,a,1
Flow Rate of the Condenser Water Loop (kg/s),16001,4800300.0,0,1,a,b,1
Flow Rate of the Condenser Water Loop (kg/s),16067,4820100.0,1,0,b,a,1
Flow Rate of the Condenser Water Loop (kg/s),16869,5060700.0,0,1,a,b,1
Flow Rate of the Condenser Water Loop (kg/s),16932,5079600.0,1,0,b,a,1
Flow Rate of the Condenser Water Loop (kg/s),18291,5487300.0,0,1,a,b,1
Flow Rate of the Condenser Water Loop (kg/s),18372,5511600.0,1,0,b,a,1
Flow Rate of the Condenser Water Loop (kg/s),18566,5569800.0,0,1,a,b,1
Flow Rate of the Condenser Water Loop (kg/s),18656,5596800.0,1,0,b,a,1
Flow Rate of the Condenser Water Loop (kg/s),19740,5922000.0,0,1,a,b,1
Flow Rate of the Condenser Water Loop (kg/s),19812,5943600.0,1,0,b,a,1
Flow Rate of the Condenser Water Loop (kg/s),20326,6097800.0,0,1,a,b,1
Flow Rate of the Condenser Water Loop (kg/s),20388,6116400.0,1,0,b,a,1
Flow Rate of the Condenser Water Loop (kg/s),21731,6519300.0,0,1,a,b,1
Flow Rate of the Condenser Water Loop (kg/s),21828,6548400.0,1,0,b,a,1
Flow Rate of the Condenser Water Loop (kg/s),22013,6603900.0,0,1,a,b,1
Flow Rate of the Condenser Water Loop (kg/s),22116,6634800.0,1,0,b,a,1
Flow Rate of the Condenser Water Loop (kg/s),22315,6694500.0,0,1,a,b,1
Flow Rate of the Condenser Water Loop (kg/s),22404,6721200.0,1,0,b,a,1
Flow Rate of the Condenser Water Loop (kg/s),22604,6781200.0,0,1,a,b,1
Flow Rate of the Condenser Water Loop (kg/s),22686,6805800.0,1,0,b,a,1
Flow Rate of the Condenser Water Loop (kg/s),22906,6871800.0,0,1,a,b,1
Flow Rate of the Condenser Water Loop (kg/s),22980,6894000.0,1,0,b,a,1
Flow Rate of the Condenser Water Loop (kg/s),23716,7114800.0,0,1,a,b,1
Flow Rate of the Condenser Water Loop (kg/s),23844,7153200.0,1,0,b,a,1
Flow Rate of the Condenser Water Loop (kg/s),24362,7308600.0,0,1,a,b,1
Flow Rate of the Condenser Water Loop (kg/s),24410,7323000.0,1,0,b,a,1
Flow Rate of the Condenser Water Loop (kg/s),24644,7393200.0,0,1,a,b,1
Flow Rate of the Condenser Water Loop (kg/s),24707,7412100.0,1,0,b,a,1
Flow Rate of the Condenser Water Loop (kg/s),24896,7468800.0,0,1,a,b,1
Flow Rate of the Condenser Water Loop (kg/s),24996,7498800.0,1,0,b,a,1
Flow Rate of the Condenser Water Loop (kg/s),25802,7740600.0,0,1,a,b,1
Flow Rate of the Condenser Water Loop (kg/s),25813,7743900.0,1,0,b,a,1
Flow Rate of the Condenser Water Loop (kg/s),25820,7746000.0,0,1,a,b,1
Flow Rate of the Condenser Water Loop (kg/s),25834,7750200.0,1,0,b,a,1
Flow Rate of the Condenser Water Loop (kg/s),25840,7752000.0,0,1,a,b,1
Flow Rate of the Condenser Water Loop (kg/s),25852,7755600.0,1,0,b,a,1
Flow Rate of the Condenser Water Loop (kg/s),25860,7758000.0,0,1,a,b,1
Flow Rate of the Condenser Water Loop (kg/s),25863,7758900.0,1,0,b,a,1
Flow Rate of the Condenser Water Loop (kg/s),26048,7814400.0,0,1,a,b,1
Flow Rate of the Condenser Water Loop (kg/s),26148,7844400.0,1,0,b,a,1
Flow Rate of the Condenser Water Loop (kg/s),26319,7895700.0,0,1,a,b,1
Flow Rate of the Condenser Water Loop (kg/s),26436,7930800.0,1,0,b,a,1
Flow Rate of the Condenser Water Loop (kg/s),26613,7983900.0,0,1,a,b,1
Flow Rate of the Condenser Water Loop (kg/s),26724,8017200.0,1,0,b,a,1
Flow Rate of the Condenser Water Loop (kg/s),26880,8064000.0,0,1,a,b,1
Flow Rate of the Condenser Water Loop (kg/s),27012,8103600.0,1,0,b,a,1
Flow Rate of the Condenser Water Loop (kg/s),27740,8322000.0,0,1,a,b,1
Flow Rate of the Condenser Water Loop (kg/s),27876,8362800.0,1,0,b,a,1
Flow Rate of the Condenser Water Loop (kg/s),28026,8407800.0,0,1,a,b,1
Flow Rate of the Condenser Water Loop (kg/s),28164,8449200.0,1,0,b,a,1
Flow Rate of the Condenser Water Loop (kg/s),28313,8493900.0,0,1,a,b,1
Flow Rate of the Condenser Water Loop (kg/s),28452,8535600.0,1,0,b,a,1
Flow Rate of the Condenser Water Loop (kg/s),28616,8584800.0,0,1,a,b,1
Flow Rate of the Condenser Water Loop (kg/s),28740,8622000.0,1,0,b,a,1
Flow Rate of the Condenser Water Loop (kg/s),28899,8669700.0,0,1,a,b,1
Flow Rate of the Condenser Water Loop (kg/s),29028,8708400.0,1,0,b,a,1
Flow Rate of the Condenser Water Loop (kg/s),29755,8926500.0,0,1,a,b,1
Flow Rate of the Condenser Water Loop (kg/s),29892,8967600.0,1,0,b,a,1
Flow Rate of the Condenser Water Loop (kg/s),30044,9013200.0,0,1,a,b,1
Flow Rate of the Condenser Water Loop (kg/s),30180,9054000.0,1,0,b,a,1
Flow Rate of the Condenser Water Loop (kg/s),30337,9101100.0,0,1,a,b,1
Flow Rate of the Condenser Water Loop (kg/s),30468,9140400.0,1,0,b,a,1
Flow Rate of the Condenser Water Loop (kg/s),30623,9186900.0,0,1,a,b,1
Flow Rate of the Condenser Water Loop (kg/s),30756,9226800.0,1,0,b,a,1
Flow Rate of the Condenser Water Loop (kg/s),30909,9272700.0,0,1,a,b,1
Flow Rate of the Condenser Water Loop (kg/s),31044,9313200.0,1,0,b,a,1
Flow Rate of the Condenser Water Loop (kg/s),31849,9554700.0,0,1,a,b,1
Flow Rate of the Condenser Water Loop (kg/s),31908,9572400.0,1,0,b,a,1
Flow Rate of the Condenser Water Loop (kg/s),32369,9710700.0,0,1,a,b,1
Flow Rate of the Condenser Water Loop (kg/s),32484,9745200.0,1,0,b,a,1
Flow Rate of the Condenser Water Loop (kg/s),32643,9792900.0,0,1,a,b,1
Flow Rate of the Condenser Water Loop (kg/s),32772,9831600.0,1,0,b,a,1
Flow Rate of the Condenser Water Loop (kg/s),32925,9877500.0,0,1,a,b,1
Flow Rate of the Condenser Water Loop (kg/s),33060,9918000.0,1,0,b,a,1
Flow Rate of the Condenser Water Loop (kg/s),33785,10135500.0,0,1,a,b,1
Flow Rate of the Condenser Water Loop (kg/s),33924,10177200.0,1,0,b,a,1
Flow Rate of the Condenser Water Loop (kg/s),34077,10223100.0,0,1,a,b,1
Flow Rate of the Condenser Water Loop (kg/s),34212,10263600.0,1,0,b,a,1
Flow Rate of the Condenser Water Loop (kg/s),34368,10310400.0,0,1,a,b,1
Flow Rate of the Condenser Water Loop (kg/s),34379,10313700.0,1,0,b,a,1
Flow Rate of the Condenser Water Loop (kg/s),34385,10315500.0,0,1,a,b,1
Flow Rate of the Condenser Water Loop (kg/s),34500,10350000.0,1,0,b,a,1
Flow Rate of the Condenser Water Loop (kg/s),34650,10395000.0,0,1,a,b,1
Flow Rate of the Condenser Water Loop (kg/s),34788,10436400.0,1,0,b,a,1
Flow Rate of the Condenser Water Loop (kg/s),34941,10482300.0,0,1,a,b,1
Flow Rate of the Condenser Water Loop (kg/s),35076,10522800.0,1,0,b,a,1
Flow Rate of the Condenser Water Loop (kg/s),35801,10740300.0,0,1,a,b,1
Flow Rate of the Condenser Water Loop (kg/s),35940,10782000.0,1,0,b,a,1
Flow Rate of the Condenser Water Loop (kg/s),36098,10829400.0,0,1,a,b,1
Flow Rate of the Condenser Water Loop (kg/s),36228,10868400.0,1,0,b,a,1
Flow Rate of the Condenser Water Loop (kg/s),36384,10915200.0,0,1,a,b,1
Flow Rate of the Condenser Water Loop (kg/s),36516,10954800.0,1,0,b,a,1
Flow Rate of the Condenser Water Loop (kg/s),36667,11000100.0,0,1,a,b,1
Flow Rate of the Condenser Water Loop (kg/s),36804,11041200.0,1,0,b,a,1
Flow Rate of the Condenser Water Loop (kg/s),36953,11085900.0,0,1,a,b,1
Flow Rate of the Condenser Water Loop (kg/s),37092,11127600.0,1,0,b,a,1
Flow Rate of the Condenser Water Loop (kg/s),37818,11345400.0,0,1,a,b,1
Flow Rate of the Condenser Water Loop (kg/s),37956,11386800.0,1,0,b,a,1
Flow Rate of the Condenser Water Loop (kg/s),38108,11432400.0,0,1,a,b,1
Flow Rate of the Condenser Water Loop (kg/s),38244,11473200.0,1,0,b,a,1
Flow Rate of the Condenser Water Loop (kg/s),38394,11518200.0,0,1,a,b,1
Flow Rate of the Condenser Water Loop (kg/s),38532,11559600.0,1,0,b,a,1
Flow Rate of the Condenser Water Loop (kg/s),38681,11604300.0,0,1,a,b,1
Flow Rate of the Condenser Water Loop (kg/s),38820,11646000.0,1,0,b,a,1
Flow Rate of the Condenser Water Loop (kg/s),38969,11690700.0,0,1,a,b,1
Flow Rate of the Condenser Water Loop (kg/s),39108,11732400.0,1,0,b,a,1
Flow Rate of the Condenser Water Loop (kg/s),39832,11949600.0,0,1,a,b,1
Flow Rate of the Condenser Water Loop (kg/s),39972,11991600.0,1,0,b,a,1
Flow Rate of the Condenser Water Loop (kg/s),40121,12036300.0,0,1,a,b,1
Flow Rate of the Condenser Water Loop (kg/s),40260,12078000.0,1,0,b,a,1
Flow Rate of the Condenser Water Loop (kg/s),40410,12123000.0,0,1,a,b,1
Flow Rate of the Condenser Water Loop (kg/s),40548,12164400.0,1,0,b,a,1
Flow Rate of the Condenser Water Loop (kg/s),40697,12209100.0,0,1,a,b,1
Flow Rate of the Condenser Water Loop (kg/s),40836,12250800.0,1,0,b,a,1
Flow Rate of the Condenser Water Loop (kg/s),40985,12295500.0,0,1,a,b,1
Flow Rate of the Condenser Water Loop (kg/s),41124,12337200.0,1,0,b,a,1
Flow Rate of the Condenser Water Loop (kg/s),42136,12640800.0,0,1,a,b,1
Flow Rate of the Condenser Water Loop (kg/s),42276,12682800.0,1,0,b,a,1
Flow Rate of the Condenser Water Loop (kg/s),42425,12727500.0,0,1,a,b,1
Flow Rate of the Condenser Water Loop (kg/s),42564,12769200.0,1,0,b,a,1
Flow Rate of the Condenser Water Loop (kg/s),42713,12813900.0,0,1,a,b,1
Flow Rate of the Condenser Water Loop (kg/s),42852,12855600.0,1,0,b,a,1
Flow Rate of the Condenser Water Loop (kg/s),43001,12900300.0,0,1,a,b,1
Flow Rate of the Condenser Water Loop (kg/s),43140,12942000.0,1,0,b,a,1
Flow Rate of the Condenser Water Loop (kg/s),43865,13159500.0,0,1,a,b,1
Flow Rate of the Condenser Water Loop (kg/s),44004,13201200.0,1,0,b,a,1
Flow Rate of the Condenser Water Loop (kg/s),44153,13245900.0,0,1,a,b,1
Flow Rate of the Condenser Water Loop (kg/s),44292,13287600.0,1,0,b,a,1
Flow Rate of the Condenser Water Loop (kg/s),44441,13332300.0,0,1,a,b,1
Flow Rate of the Condenser Water Loop (kg/s),44580,13374000.0,1,0,b,a,1
Flow Rate of the Condenser Water Loop (kg/s),44729,13418700.0,0,1,a,b,1
Flow Rate of the Condenser Water Loop (kg/s),44868,13460400.0,1,0,b,a,1
Flow Rate of the Condenser Water Loop (kg/s),45017,13505100.0,0,1,a,b,1
Flow Rate of the Condenser Water Loop (kg/s),45156,13546800.0,1,0,b,a,1
Flow Rate of the Condenser Water Loop (kg/s),45880,13764000.0,0,1,a,b,1
Flow Rate of the Condenser Water Loop (kg/s),46020,13806000.0,1,0,b,a,1
Flow Rate of the Condenser Water Loop (kg/s),46168,13850400.0,0,1,a,b,1
Flow Rate of the Condenser Water Loop (kg/s),46308,13892400.0,1,0,b,a,1
Flow Rate of the Condenser Water Loop (kg/s),46457,13937100.0,0,1,a,b,1
Flow Rate of the Condenser Water Loop (kg/s),46596,13978800.0,1,0,b,a,1
Flow Rate of the Condenser Water Loop (kg/s),46749,14024700.0,0,1,a,b,1
Flow Rate of the Condenser Water Loop (kg/s),46884,14065200.0,1,0,b,a,1
Flow Rate of the Condenser Water Loop (kg/s),47037,14111100.0,0,1,a,b,1
Flow Rate of the Condenser Water Loop (kg/s),47172,14151600.0,1,0,b,a,1
Flow Rate of the Condenser Water Loop (kg/s),47897,14369100.0,0,1,a,b,1
Flow Rate of the Condenser Water Loop (kg/s),48036,14410800.0,1,0,b,a,1
Flow Rate of the Condenser Water Loop (kg/s),48185,14455500.0,0,1,a,b,1
Flow Rate of the Condenser Water Loop (kg/s),48324,14497200.0,1,0,b,a,1
Flow Rate of the Condenser Water Loop (kg/s),48474,14542200.0,0,1,a,b,1
Flow Rate of the Condenser Water Loop (kg/s),48612,14583600.0,1,0,b,a,1
Flow Rate of the Condenser Water Loop (kg/s),48762,14628600.0,0,1,a,b,1
Flow Rate of the Condenser Water Loop (kg/s),48900,14670000.0,1,0,b,a,1
Flow Rate of the Condenser Water Loop (kg/s),49051,14715300.0,0,1,a,b,1
Flow Rate of the Condenser Water Loop (kg/s),49188,14756400.0,1,0,b,a,1
Flow Rate of the Condenser Water Loop (kg/s),49912,14973600.0,0,1,a,b,1
Flow Rate of the Condenser Water Loop (kg/s),50052,15015600.0,1,0,b,a,1
Flow Rate of the Condenser Water Loop (kg/s),50201,15060300.0,0,1,a,b,1
Flow Rate of the Condenser Water Loop (kg/s),50340,15102000.0,1,0,b,a,1
Flow Rate of the Condenser Water Loop (kg/s),50489,15146700.0,0,1,a,b,1
Flow Rate of the Condenser Water Loop (kg/s),50628,15188400.0,1,0,b,a,1
Flow Rate of the Condenser Water Loop (kg/s),50777,15233100.0,0,1,a,b,1
Flow Rate of the Condenser Water Loop (kg/s),50916,15274800.0,1,0,b,a,1
Flow Rate of the Condenser Water Loop (kg/s),51065,15319500.0,0,1,a,b,1
Flow Rate of the Condenser Water Loop (kg/s),51204,15361200.0,1,0,b,a,1
Flow Rate of the Condenser Water Loop (kg/s),51928,15578400.0,0,1,a,b,1
Flow Rate of the Condenser Water Loop (kg/s),52068,15620400.0,1,0,b,a,1
Flow Rate of the Condenser Water Loop (kg/s),52217,15665100.0,0,1,a,b,1
Flow Rate of the Condenser Water Loop (kg/s),52356,15706800.0,1,0,b,a,1
Flow Rate of the Condenser Water Loop (kg/s),52505,15751500.0,0,1,a,b,1
Flow Rate of the Condenser Water Loop (kg/s),52644,15793200.0,1,0,b,a,1
Flow Rate of the Condenser Water Loop (kg/s),52793,15837900.0,0,1,a,b,1
Flow Rate of the Condenser Water Loop (kg/s),52932,15879600.0,1,0,b,a,1
Flow Rate of the Condenser Water Loop (kg/s),53944,16183200.0,0,1,a,b,1
Flow Rate of the Condenser Water Loop (kg/s),54084,16225200.0,1,0,b,a,1
Flow Rate of the Condenser Water Loop (kg/s),54233,16269900.0,0,1,a,b,1
Flow Rate of the Condenser Water Loop (kg/s),54372,16311600.0,1,0,b,a,1
Flow Rate of the Condenser Water Loop (kg/s),54521,16356300.0,0,1,a,b,1
Flow Rate of the Condenser Water Loop (kg/s),54660,16398000.0,1,0,b,a,1
Flow Rate of the Condenser Water Loop (kg/s),54809,16442700.0,0,1,a,b,1
Flow Rate of the Condenser Water Loop (kg/s),54948,16484400.0,1,0,b,a,1
Flow Rate of the Condenser Water Loop (kg/s),55097,16529100.0,0,1,a,b,1
Flow Rate of the Condenser Water Loop (kg/s),55236,16570800.0,1,0,b,a,1
Flow Rate of the Condenser Water Loop (kg/s),55960,16788000.0,0,1,a,b,1
Flow Rate of the Condenser Water Loop (kg/s),56100,16830000.0,1,0,b,a,1
Flow Rate of the Condenser Water Loop (kg/s),56248,16874400.0,0,1,a,b,1
Flow Rate of the Condenser Water Loop (kg/s),56388,16916400.0,1,0,b,a,1
Flow Rate of the Condenser Water Loop (kg/s),56537,16961100.0,0,1,a,b,1
Flow Rate of the Condenser Water Loop (kg/s),56676,17002800.0,1,0,b,a,1
Flow Rate of the Condenser Water Loop (kg/s),56825,17047500.0,0,1,a,b,1
Flow Rate of the Condenser Water Loop (kg/s),56964,17089200.0,1,0,b,a,1
Flow Rate of the Condenser Water Loop (kg/s),57113,17133900.0,0,1,a,b,1
Flow Rate of the Condenser Water Loop (kg/s),57252,17175600.0,1,0,b,a,1
Flow Rate of the Condenser Water Loop (kg/s),57976,17392800.0,0,1,a,b,1
Flow Rate of the Condenser Water Loop (kg/s),58116,17434800.0,1,0,b,a,1
Flow Rate of the Condenser Water Loop (kg/s),58264,17479200.0,0,1,a,b,1
Flow Rate of the Condenser Water Loop (kg/s),58404,17521200.0,1,0,b,a,1
Flow Rate of the Condenser Water Loop (kg/s),58553,17565900.0,0,1,a,b,1
Flow Rate of the Condenser Water Loop (kg/s),58692,17607600.0,1,0,b,a,1
Flow Rate of the Condenser Water Loop (kg/s),58841,17652300.0,0,1,a,b,1
Flow Rate of the Condenser Water Loop (kg/s),58980,17694000.0,1,0,b,a,1
Flow Rate of the Condenser Water Loop (kg/s),59129,17738700.0,0,1,a,b,1
Flow Rate of the Condenser Water Loop (kg/s),59268,17780400.0,1,0,b,a,1
Flow Rate of the Condenser Water Loop (kg/s),59992,17997600.0,0,1,a,b,1
Flow Rate of the Condenser Water Loop (kg/s),60132,18039600.0,1,0,b,a,1
Flow Rate of the Condenser Water Loop (kg/s),60281,18084300.0,0,1,a,b,1
Flow Rate of the Condenser Water Loop (kg/s),60420,18126000.0,1,0,b,a,1
Flow Rate of the Condenser Water Loop (kg/s),60569,18170700.0,0,1,a,b,1
Flow Rate of the Condenser Water Loop (kg/s),60708,18212400.0,1,0,b,a,1
Flow Rate of the Condenser Water Loop (kg/s),60857,18257100.0,0,1,a,b,1
Flow Rate of the Condenser Water Loop (kg/s),60996,18298800.0,1,0,b,a,1
Flow Rate of the Condenser Water Loop (kg/s),61145,18343500.0,0,1,a,b,1
Flow Rate of the Condenser Water Loop (kg/s),61284,18385200.0,1,0,b,a,1
Flow Rate of the Condenser Water Loop (kg/s),62008,18602400.0,0,1,a,b,1
Flow Rate of the Condenser Water Loop (kg/s),62148,18644400.0,1,0,b,a,1
Flow Rate of the Condenser Water Loop (kg/s),62297,18689100.0,0,1,a,b,1
Flow Rate of the Condenser Water Loop (kg/s),62436,18730800.0,1,0,b,a,1
Flow Rate of the Condenser Water Loop (kg/s),62585,18775500.0,0,1,a,b,1
Flow Rate of the Condenser Water Loop (kg/s),62724,18817200.0,1,0,b,a,1
Flow Rate of the Condenser Water Loop (kg/s),62875,18862500.0,0,1,a,b,1
Flow Rate of the Condenser Water Loop (kg/s),63012,18903600.0,1,0,b,a,1
Flow Rate of the Condenser Water Loop (kg/s),63161,18948300.0,0,1,a,b,1
Flow Rate of the Condenser Water Loop (kg/s),63300,18990000.0,1,0,b,a,1
Flow Rate of the Condenser Water Loop (kg/s),64025,19207500.0,0,1,a,b,1
Flow Rate of the Condenser Water Loop (kg/s),64164,19249200.0,1,0,b,a,1
Flow Rate of the Condenser Water Loop (kg/s),64313,19293900.0,0,1,a,b,1
Flow Rate of the Condenser Water Loop (kg/s),64452,19335600.0,1,0,b,a,1
Flow Rate of the Condenser Water Loop (kg/s),64605,19381500.0,0,1,a,b,1
Flow Rate of the Condenser Water Loop (kg/s),64740,19422000.0,1,0,b,a,1
Flow Rate of the Condenser Water Loop (kg/s),64893,19467900.0,0,1,a,b,1
Flow Rate of the Condenser Water Loop (kg/s),65028,19508400.0,1,0,b,a,1
Flow Rate of the Condenser Water Loop (kg/s),65179,19553700.0,0,1,a,b,1
Flow Rate of the Condenser Water Loop (kg/s),65316,19594800.0,1,0,b,a,1
Flow Rate of the Condenser Water Loop (kg/s),66042,19812600.0,0,1,a,b,1
Flow Rate of the Condenser Water Loop (kg/s),66180,19854000.0,1,0,b,a,1
Flow Rate of the Condenser Water Loop (kg/s),66329,19898700.0,0,1,a,b,1
Flow Rate of the Condenser Water Loop (kg/s),66468,19940400.0,1,0,b,a,1
Flow Rate of the Condenser Water Loop (kg/s),66617,19985100.0,0,1,a,b,1
Flow Rate of the Condenser Water Loop (kg/s),66756,20026800.0,1,0,b,a,1
Flow Rate of the Condenser Water Loop (kg/s),66905,20071500.0,0,1,a,b,1
Flow Rate of the Condenser Water Loop (kg/s),67044,20113200.0,1,0,b,a,1
Flow Rate of the Condenser Water Loop (kg/s),67193,20157900.0,0,1,a,b,1
Flow Rate of the Condenser Water Loop (kg/s),67332,20199600.0,1,0,b,a,1
Flow Rate of the Condenser Water Loop (kg/s),68056,20416800.0,0,1,a,b,1
Flow Rate of the Condenser Water Loop (kg/s),68196,20458800.0,1,0,b,a,1
Flow Rate of the Condenser Water Loop (kg/s),68345,20503500.0,0,1,a,b,1
Flow Rate of the Condenser Water Loop (kg/s),68484,20545200.0,1,0,b,a,1
Flow Rate of the Condenser Water Loop (kg/s),68633,20589900.0,0,1,a,b,1
Flow Rate of the Condenser Water Loop (kg/s),68772,20631600.0,1,0,b,a,1
Flow Rate of the Condenser Water Loop (kg/s),68921,20676300.0,0,1,a,b,1
Flow Rate of the Condenser Water Loop (kg/s),69060,20718000.0,1,0,b,a,1
Flow Rate of the Condenser Water Loop (kg/s),69209,20762700.0,0,1,a,b,1
Flow Rate of the Condenser Water Loop (kg/s),69348,20804400.0,1,0,b,a,1
Flow Rate of the Condenser Water Loop (kg/s),70072,21021600.0,0,1,a,b,1
Flow Rate of the Condenser Water Loop (kg/s),70212,21063600.0,1,0,b,a,1
Flow Rate of the Condenser Water Loop (kg/s),70361,21108300.0,0,1,a,b,1
Flow Rate of the Condenser Water Loop (kg/s),70500,21150000.0,1,0,b,a,1
Flow Rate of the Condenser Water Loop (kg/s),70649,21194700.0,0,1,a,b,1
Flow Rate of the Condenser Water Loop (kg/s),70788,21236400.0,1,0,b,a,1
Flow Rate of the Condenser Water Loop (kg/s),70937,21281100.0,0,1,a,b,1
Flow Rate of the Condenser Water Loop (kg/s),71076,21322800.0,1,0,b,a,1
Flow Rate of the Condenser Water Loop (kg/s),71225,21367500.0,0,1,a,b,1
Flow Rate of the Condenser Water Loop (kg/s),71364,21409200.0,1,0,b,a,1
Flow Rate of the Condenser Water Loop (kg/s),72163,21648900.0,0,1,a,b,1
Flow Rate of the Condenser Water Loop (kg/s),72189,21656700.0,1,0,b,a,1
Flow Rate of the Condenser Water Loop (kg/s),72195,21658500.0,0,1,a,b,1
Flow Rate of the Condenser Water Loop (kg/s),72216,21664800.0,1,0,b,a,1
Flow Rate of the Condenser Water Loop (kg/s),72224,21667200.0,0,1,a,b,1
Flow Rate of the Condenser Water Loop (kg/s),72247,21674100.0,1,0,b,a,1
Flow Rate of the Condenser Water Loop (kg/s),72283,21684900.0,0,1,a,b,1
Flow Rate of the Condenser Water Loop (kg/s),72307,21692100.0,1,0,b,a,1
Flow Rate of the Condenser Water Loop (kg/s),72348,21704400.0,0,1,a,b,1
Flow Rate of the Condenser Water Loop (kg/s),72373,21711900.0,1,0,b,a,1
Flow Rate of the Condenser Water Loop (kg/s),72377,21713100.0,0,1,a,b,1
Flow Rate of the Condenser Water Loop (kg/s),72516,21754800.0,1,0,b,a,1
Flow Rate of the Condenser Water Loop (kg/s),72665,21799500.0,0,1,a,b,1
Flow Rate of the Condenser Water Loop (kg/s),72804,21841200.0,1,0,b,a,1
Flow Rate of the Condenser Water Loop (kg/s),72953,21885900.0,0,1,a,b,1
Flow Rate of the Condenser Water Loop (kg/s),73092,21927600.0,1,0,b,a,1
Flow Rate of the Condenser Water Loop (kg/s),73241,21972300.0,0,1,a,b,1
Flow Rate of the Condenser Water Loop (kg/s),73380,22014000.0,1,0,b,a,1
Flow Rate of the Condenser Water Loop (kg/s),74104,22231200.0,0,1,a,b,1
Flow Rate of the Condenser Water Loop (kg/s),74244,22273200.0,1,0,b,a,1
Flow Rate of the Condenser Water Loop (kg/s),74393,22317900.0,0,1,a,b,1
Flow Rate of the Condenser Water Loop (kg/s),74532,22359600.0,1,0,b,a,1
Flow Rate of the Condenser Water Loop (kg/s),74681,22404300.0,0,1,a,b,1
Flow Rate of the Condenser Water Loop (kg/s),74820,22446000.0,1,0,b,a,1
Flow Rate of the Condenser Water Loop (kg/s),74969,22490700.0,0,1,a,b,1
Flow Rate of the Condenser Water Loop (kg/s),75108,22532400.0,1,0,b,a,1
Flow Rate of the Condenser Water Loop (kg/s),75257,22577100.0,0,1,a,b,1
Flow Rate of the Condenser Water Loop (kg/s),75396,22618800.0,1,0,b,a,1
Flow Rate of the Condenser Water Loop (kg/s),76120,22836000.0,0,1,a,b,1
Flow Rate of the Condenser Water Loop (kg/s),76260,22878000.0,1,0,b,a,1
Flow Rate of the Condenser Water Loop (kg/s),76411,22923300.0,0,1,a,b,1
Flow Rate of the Condenser Water Loop (kg/s),76548,22964400.0,1,0,b,a,1
Flow Rate of the Condenser Water Loop (kg/s),76697,23009100.0,0,1,a,b,1
Flow Rate of the Condenser Water Loop (kg/s),76836,23050800.0,1,0,b,a,1
Flow Rate of the Condenser Water Loop (kg/s),76985,23095500.0,0,1,a,b,1
Flow Rate of the Condenser Water Loop (kg/s),77124,23137200.0,1,0,b,a,1
Flow Rate of the Condenser Water Loop (kg/s),77274,23182200.0,0,1,a,b,1
Flow Rate of the Condenser Water Loop (kg/s),77412,23223600.0,1,0,b,a,1
Flow Rate of the Condenser Water Loop (kg/s),78138,23441400.0,0,1,a,b,1
Flow Rate of the Condenser Water Loop (kg/s),78276,23482800.0,1,0,b,a,1
Flow Rate of the Condenser Water Loop (kg/s),78425,23527500.0,0,1,a,b,1
Flow Rate of the Condenser Water Loop (kg/s),78564,23569200.0,1,0,b,a,1
Flow Rate of the Condenser Water Loop (kg/s),78726,23617800.0,0,1,a,b,1
Flow Rate of the Condenser Water Loop (kg/s),78852,23655600.0,1,0,b,a,1
Flow Rate of the Condenser Water Loop (kg/s),79014,23704200.0,0,1,a,b,1
Flow Rate of the Condenser Water Loop (kg/s),79140,23742000.0,1,0,b,a,1
Flow Rate of the Condenser Water Loop (kg/s),79300,23790000.0,0,1,a,b,1
Flow Rate of the Condenser Water Loop (kg/s),79428,23828400.0,1,0,b,a,1
Flow Rate of the Condenser Water Loop (kg/s),80247,24074100.0,0,1,a,b,1
Flow Rate of the Condenser Water Loop (kg/s),80292,24087600.0,1,0,b,a,1
Flow Rate of the Condenser Water Loop (kg/s),80483,24144900.0,0,1,a,b,1
Flow Rate of the Condenser Water Loop (kg/s),80580,24174000.0,1,0,b,a,1
Flow Rate of the Condenser Water Loop (kg/s),80755,24226500.0,0,1,a,b,1
Flow Rate of the Condenser Water Loop (kg/s),80868,24260400.0,1,0,b,a,1
Flow Rate of the Condenser Water Loop (kg/s),81042,24312600.0,0,1,a,b,1
Flow Rate of the Condenser Water Loop (kg/s),81156,24346800.0,1,0,b,a,1
Flow Rate of the Condenser Water Loop (kg/s),81311,24393300.0,0,1,a,b,1
Flow Rate of the Condenser Water Loop (kg/s),81444,24433200.0,1,0,b,a,1
Flow Rate of the Condenser Water Loop (kg/s),82460,24738000.0,0,1,a,b,1
Flow Rate of the Condenser Water Loop (kg/s),82596,24778800.0,1,0,b,a,1
Flow Rate of the Condenser Water Loop (kg/s),82756,24826800.0,0,1,a,b,1
Flow Rate of the Condenser Water Loop (kg/s),82884,24865200.0,1,0,b,a,1
Flow Rate of the Condenser Water Loop (kg/s),83088,24926400.0,0,1,a,b,1
Flow Rate of the Condenser Water Loop (kg/s),83160,24948000.0,1,0,b,a,1
Flow Rate of the Condenser Water Loop (kg/s),83382,25014600.0,0,1,a,b,1
Flow Rate of the Condenser Water Loop (kg/s),83445,25033500.0,1,0,b,a,1
Flow Rate of the Condenser Water Loop (kg/s),84206,25261800.0,0,1,a,b,1
Flow Rate of the Condenser Water Loop (kg/s),84324,25297200.0,1,0,b,a,1
Flow Rate of the Condenser Water Loop (kg/s),84484,25345200.0,0,1,a,b,1
Flow Rate of the Condenser Water Loop (kg/s),84612,25383600.0,1,0,b,a,1
Flow Rate of the Condenser Water Loop (kg/s),84765,25429500.0,0,1,a,b,1
Flow Rate of the Condenser Water Loop (kg/s),84900,25470000.0,1,0,b,a,1
Flow Rate of the Condenser Water Loop (kg/s),85055,25516500.0,0,1,a,b,1
Flow Rate of the Condenser Water Loop (kg/s),85188,25556400.0,1,0,b,a,1
Flow Rate of the Condenser Water Loop (kg/s),85338,25601400.0,0,1,a,b,1
Flow Rate of the Condenser Water Loop (kg/s),85476,25642800.0,1,0,b,a,1
Flow Rate of the Condenser Water Loop (kg/s),86578,25973400.0,0,1,a,b,1
Flow Rate of the Condenser Water Loop (kg/s),86604,25981200.0,1,0,b,a,1
Flow Rate of the Condenser Water Loop (kg/s),86830,26049000.0,0,1,a,b,1
Flow Rate of the Condenser Water Loop (kg/s),86904,26071200.0,1,0,b,a,1
Flow Rate of the Condenser Water Loop (kg/s),87111,26133300.0,0,1,a,b,1
Flow Rate of the Condenser Water Loop (kg/s),87198,26159400.0,1,0,b,a,1
Flow Rate of the Condenser Water Loop (kg/s),87390,26217000.0,0,1,a,b,1
Flow Rate of the Condenser Water Loop (kg/s),87492,26247600.0,1,0,b,a,1
Flow Rate of the Condenser Water Loop (kg/s),88216,26464800.0,0,1,a,b,1
Flow Rate of the Condenser Water Loop (kg/s),88356,26506800.0,1,0,b,a,1
Flow Rate of the Condenser Water Loop (kg/s),88845,26653500.0,0,1,a,b,1
Flow Rate of the Condenser Water Loop (kg/s),88926,26677800.0,1,0,b,a,1
Flow Rate of the Condenser Water Loop (kg/s),89128,26738400.0,0,1,a,b,1
Flow Rate of the Condenser Water Loop (kg/s),89216,26764800.0,1,0,b,a,1
Flow Rate of the Condenser Water Loop (kg/s),89403,26820900.0,0,1,a,b,1
Flow Rate of the Condenser Water Loop (kg/s),89508,26852400.0,1,0,b,a,1
Flow Rate of the Condenser Water Loop (kg/s),90268,27080400.0,0,1,a,b,1
Flow Rate of the Condenser Water Loop (kg/s),90372,27111600.0,1,0,b,a,1
Flow Rate of the Condenser Water Loop (kg/s),90651,27195300.0,0,1,a,b,1
Flow Rate of the Condenser Water Loop (kg/s),90660,27198000.0,1,0,b,a,1
Flow Rate of the Condenser Water Loop (kg/s),91456,27436800.0,0,1,a,b,1
Flow Rate of the Condenser Water Loop (kg/s),91524,27457200.0,1,0,b,a,1
Flow Rate of the Condenser Water Loop (kg/s),92281,27684300.0,0,1,a,b,1
Flow Rate of the Condenser Water Loop (kg/s),92388,27716400.0,1,0,b,a,1
Flow Rate of the Condenser Water Loop (kg/s),92589,27776700.0,0,1,a,b,1
Flow Rate of the Condenser Water Loop (kg/s),92676,27802800.0,1,0,b,a,1
Flow Rate of the Condenser Water Loop (kg/s),93161,27948300.0,0,1,a,b,1
Flow Rate of the Condenser Water Loop (kg/s),93171,27951300.0,1,0,b,a,1
Flow Rate of the Condenser Water Loop (kg/s),93483,28044900.0,0,1,a,b,1
Flow Rate of the Condenser Water Loop (kg/s),93494,28048200.0,1,0,b,a,1
Flow Rate of the Condenser Water Loop (kg/s),93506,28051800.0,0,1,a,b,1
Flow Rate of the Condenser Water Loop (kg/s),93517,28055100.0,1,0,b,a,1
Flow Rate of the Condenser Water Loop (kg/s),94272,28281600.0,0,1,a,b,1
Flow Rate of the Condenser Water Loop (kg/s),94283,28284900.0,1,0,b,a,1
Flow Rate of the Condenser Water Loop (kg/s),94290,28287000.0,0,1,a,b,1
Flow Rate of the Condenser Water Loop (kg/s),94303,28290900.0,1,0,b,a,1
Flow Rate of the Condenser Water Loop (kg/s),94310,28293000.0,0,1,a,b,1
Flow Rate of the Condenser Water Loop (kg/s),94337,28301100.0,1,0,b,a,1
Flow Rate of the Condenser Water Loop (kg/s),94341,28302300.0,0,1,a,b,1
Flow Rate of the Condenser Water Loop (kg/s),94395,28318500.0,1,0,b,a,1
Flow Rate of the Condenser Water Loop (kg/s),94917,28475100.0,0,1,a,b,1
Flow Rate of the Condenser Water Loop (kg/s),94956,28486800.0,1,0,b,a,1
Flow Rate of the Condenser Water Loop (kg/s),100615,30184500.0,0,1,a,b,1
Flow Rate of the Condenser Water Loop (kg/s),100708,30212400.0,1,0,b,a,1
