variable,index,time_s,value_before,value_after,value_jump
Chilled Water Flow Rate of the Chiller (kg/s),13676,4102800.0,-0.4179248211413696,1.1192187064747297,1.5371435276160992
Chilled Water Flow Rate of the Chiller (kg/s),13704,4111200.0,0.0502855637072123,-0.0380560183396899,0.0883415820469022
Chilled Water Flow Rate of the Chiller (kg/s),13948,4184400.0,-0.4179248211413696,1.12805286467942,1.5459776858207894
Chilled Water Flow Rate of the Chiller (kg/s),14002,4200600.0,0.0944563547306634,-0.002719385520929,0.0971757402515924
Chilled Water Flow Rate of the Chiller (kg/s),14236,4270800.0,-0.4179248211413696,0.7658523782871207,1.1837771994284902
Chilled Water Flow Rate of the Chiller (kg/s),14318,4295400.0,1.2605652377497731,1.834785521054637,0.574220283304864
Chilled Water Flow Rate of the Chiller (kg/s),14328,4298400.0,0.0502855637072123,-0.0468901765443801,0.0971757402515924
Chilled Water Flow Rate of the Chiller (kg/s),14520,4356000.0,-0.4179248211413696,-0.4179248211413696,0.0
Chilled Water Flow Rate of the Chiller (kg/s),14624,4387200.0,-0.2500758152522553,-0.4179248211413696,0.16784900588911428
Chilled Water Flow Rate of the Chiller (kg/s),21730,6519000.0,-0.4179248211413696,-0.4179248211413696,0.0
Chilled Water Flow Rate of the Chiller (kg/s),21818,6545400.0,-0.0733926511584508,-0.0998951257725214,0.026502474614070598
Chilled Water Flow Rate of the Chiller (kg/s),22314,6694200.0,-0.4179248211413696,-0.4179248211413696,0.0
Chilled Water Flow Rate of the Chiller (kg/s),22398,6719400.0,-0.241241657047565,-0.2589099734569455,0.01766831640938049
Chilled Water Flow Rate of the Chiller (kg/s),26048,7814400.0,-0.4179248211413696,0.7570182200824305,1.1749430412238
Chilled Water Flow Rate of the Chiller (kg/s),26054,7816200.0,0.430154366508892,0.2269687278010168,0.2031856387078752
Chilled Water Flow Rate of the Chiller (kg/s),26142,7842600.0,-0.161734233205353,-0.1970708660241139,0.0353366328187609
Chilled Water Flow Rate of the Chiller (kg/s),26318,7895400.0,-0.4179248211413696,-0.4179248211413696,0.0
Chilled Water Flow Rate of the Chiller (kg/s),26436,7930800.0,-0.1705683914100432,-0.4179248211413696,0.24735642973132638
Chilled Water Flow Rate of the Chiller (kg/s),26614,7984200.0,0.4213202083042017,1.4549167182529583,1.0335965099487567
Chilled Water Flow Rate of the Chiller (kg/s),26620,7986000.0,1.0308771244278272,0.7835206946965011,0.2473564297313261
Chilled Water Flow Rate of the Chiller (kg/s),26724,8017200.0,0.076788038321283,-0.4179248211413696,0.4947128594626526
Chilled Water Flow Rate of the Chiller (kg/s),26880,8064000.0,-0.4179248211413696,0.4389885247135822,0.8569133458549518
Chilled Water Flow Rate of the Chiller (kg/s),27012,8103600.0,0.0414514055025221,-0.4179248211413696,0.45937622664389166
Chilled Water Flow Rate of the Chiller (kg/s),27740,8322000.0,-0.4179248211413696,1.172223655702871,1.5901484768442404
Chilled Water Flow Rate of the Chiller (kg/s),27774,8332200.0,2.753537974342421,2.585688968453306,0.1678490058891149
Chilled Water Flow Rate of the Chiller (kg/s),27810,8343000.0,2.3383325387219807,2.4885132282017146,0.15018068947973395
Chilled Water Flow Rate of the Chiller (kg/s),27852,8355600.0,2.2676592730844587,2.223488482061008,0.04417079102345056
Chilled Water Flow Rate of the Chiller (kg/s),27870,8361000.0,1.3577409780013654,1.2782335541591536,0.07950742384221177
Chilled Water Flow Rate of the Chiller (kg/s),27876,8362800.0,0.9248672259715448,-0.4179248211413696,1.3427920471129144
Chilled Water Flow Rate of the Chiller (kg/s),28026,8407800.0,-0.4179248211413696,0.4566568411229627,0.8745816622643323
Chilled Water Flow Rate of the Chiller (kg/s),28140,8442000.0,0.6686766380355281,0.6510083216261476,0.01766831640938049
Chilled Water Flow Rate of the Chiller (kg/s),28164,8449200.0,0.2888078352338484,-0.4179248211413696,0.706732656375218
Chilled Water Flow Rate of the Chiller (kg/s),28314,8494200.0,0.1739637785728755,1.52558998389048,1.3516262053176045
Chilled Water Flow Rate of the Chiller (kg/s),28320,8496000.0,1.2605652377497731,1.004374649813757,0.25619058793601623
Chilled Water Flow Rate of the Chiller (kg/s),28446,8533800.0,-0.002719385520929,-0.0468901765443801,0.0441707910234511
Chilled Water Flow Rate of the Chiller (kg/s),28616,8584800.0,-0.4179248211413696,0.9690380169949958,1.3869628381363655
Chilled Water Flow Rate of the Chiller (kg/s),28736,8620800.0,0.0944563547306634,-0.002719385520929,0.0971757402515924
Chilled Water Flow Rate of the Chiller (kg/s),28898,8669400.0,-0.4179248211413696,-0.4179248211413696,0.0
Chilled Water Flow Rate of the Chiller (kg/s),29028,8708400.0,-0.1352317585912823,-0.4179248211413696,0.2826930625500873
Chilled Water Flow Rate of the Chiller (kg/s),29756,8926800.0,0.4389885247135822,1.6581023569608333,1.2191138322472512
Chilled Water Flow Rate of the Chiller (kg/s),29772,8931600.0,1.3577409780013654,1.251731079545083,0.1060098984562825
Chilled Water Flow Rate of the Chiller (kg/s),29804,8941200.0,1.1898919721122514,1.4372484018435778,0.24735642973132643
Chilled Water Flow Rate of the Chiller (kg/s),29838,8951400.0,2.055639476171893,2.0291370015578227,0.02650247461407007
Chilled Water Flow Rate of the Chiller (kg/s),29884,8965200.0,0.8541939603340228,0.8188573275152619,0.03533663281876098
Chilled Water Flow Rate of the Chiller (kg/s),29892,8967600.0,0.6333400052167671,-0.4179248211413696,1.0512648263581368
Chilled Water Flow Rate of the Chiller (kg/s),30044,9013200.0,-0.4179248211413696,0.5980033723980063,1.0159281935393758
Chilled Water Flow Rate of the Chiller (kg/s),30050,9015000.0,1.0750479154512784,0.7481840618777402,0.3268638535735382
Chilled Water Flow Rate of the Chiller (kg/s),30084,9025200.0,0.7481840618777402,0.8276914857199521,0.07950742384221188
Chilled Water Flow Rate of the Chiller (kg/s),30178,9053400.0,0.6598424798308379,0.5096617903511041,0.15018068947973373
Chilled Water Flow Rate of the Chiller (kg/s),30336,9100800.0,-0.4179248211413696,-0.4179248211413696,0.0
Chilled Water Flow Rate of the Chiller (kg/s),30468,9140400.0,0.156295462163495,-0.4179248211413696,0.5742202833048646
Chilled Water Flow Rate of the Chiller (kg/s),30624,9187200.0,0.4389885247135822,1.4814191928670286,1.0424306681534463
Chilled Water Flow Rate of the Chiller (kg/s),30756,9226800.0,0.5096617903511041,-0.4179248211413696,0.9275866114924738
Chilled Water Flow Rate of the Chiller (kg/s),30908,9272400.0,-0.4179248211413696,-0.4179248211413696,0.0
Chilled Water Flow Rate of the Chiller (kg/s),30914,9274200.0,0.9425355423809252,0.544998423169865,0.39753711921106016
Chilled Water Flow Rate of the Chiller (kg/s),30944,9283200.0,0.2269687278010168,0.2534712024150875,0.026502474614070737
Chilled Water Flow Rate of the Chiller (kg/s),31036,9310800.0,-0.0998951257725214,-0.1175634421819019,0.017668316409380505
Chilled Water Flow Rate of the Chiller (kg/s),32368,9710400.0,-0.4179248211413696,-0.4179248211413696,0.0
Chilled Water Flow Rate of the Chiller (kg/s),32474,9742200.0,0.1386271457541145,0.0856221965259732,0.05300494922814131
Chilled Water Flow Rate of the Chiller (kg/s),32642,9792600.0,-0.4179248211413696,-0.4179248211413696,0.0
Chilled Water Flow Rate of the Chiller (kg/s),32772,9831600.0,0.2976419934385387,-0.4179248211413696,0.7155668145799083
Chilled Water Flow Rate of the Chiller (kg/s),32924,9877200.0,-0.4179248211413696,-0.4179248211413696,0.0
Chilled Water Flow Rate of the Chiller (kg/s),32932,9879600.0,0.3241444680526092,0.1209588293447341,0.2031856387078751
Chilled Water Flow Rate of the Chiller (kg/s),32966,9889800.0,0.2004662531869461,0.235802886005707,0.0353366328187609
Chilled Water Flow Rate of the Chiller (kg/s),33060,9918000.0,0.2004662531869461,-0.4179248211413696,0.6183910743283156
Chilled Water Flow Rate of the Chiller (kg/s),33784,10135200.0,-0.4179248211413696,-0.4179248211413696,0.0
Chilled Water Flow Rate of the Chiller (kg/s),33828,10148400.0,0.8806964349480935,0.6863449544449086,0.19435148050318485
Chilled Water Flow Rate of the Chiller (kg/s),33882,10164600.0,0.5096617903511041,0.6510083216261476,0.14134653127504349
Chilled Water Flow Rate of the Chiller (kg/s),33924,10177200.0,0.4389885247135822,-0.4179248211413696,0.8569133458549518
Chilled Water Flow Rate of the Chiller (kg/s),34368,10310400.0,-0.4179248211413696,1.0397112826325174,1.457636103773887
Chilled Water Flow Rate of the Chiller (kg/s),34500,10350000.0,0.1916320949822559,-0.4179248211413696,0.6095569161236255
Chilled Water Flow Rate of the Chiller (kg/s),34650,10395000.0,-0.4179248211413696,1.4549167182529583,1.8728415393943278
Chilled Water Flow Rate of the Chiller (kg/s),34788,10436400.0,0.5538325813745553,-0.4179248211413696,0.9717574025159248
Chilled Water Flow Rate of the Chiller (kg/s),34940,10482000.0,-0.4179248211413696,-0.4179248211413696,0.0
Chilled Water Flow Rate of the Chiller (kg/s),35076,10522800.0,0.2711395188244679,-0.4179248211413696,0.6890643399658375
Chilled Water Flow Rate of the Chiller (kg/s),35800,10740000.0,-0.4179248211413696,-0.4179248211413696,0.0
Chilled Water Flow Rate of the Chiller (kg/s),35802,10740600.0,1.3489068197966754,2.2764934312891487,0.9275866114924733
Chilled Water Flow Rate of the Chiller (kg/s),35856,10756800.0,1.817117204645257,1.1192187064747297,0.6978984981705274
Chilled Water Flow Rate of the Chiller (kg/s),35940,10782000.0,0.1032905129353536,-0.4179248211413696,0.5212153340767232
Chilled Water Flow Rate of the Chiller (kg/s),36098,10829400.0,-0.4179248211413696,0.7746865364918109,1.1926113576331805
Chilled Water Flow Rate of the Chiller (kg/s),36102,10830600.0,1.172223655702871,0.6863449544449086,0.4858787012579623
Chilled Water Flow Rate of the Chiller (kg/s),36220,10866000.0,-0.0557243347490703,-0.0998951257725214,0.044170791023451096
Chilled Water Flow Rate of the Chiller (kg/s),36384,10915200.0,-0.4179248211413696,0.8806964349480935,1.298621256089463
Chilled Water Flow Rate of the Chiller (kg/s),36516,10954800.0,0.0237830890931416,-0.4179248211413696,0.44170791023451117
Chilled Water Flow Rate of the Chiller (kg/s),36954,11086200.0,0.6598424798308379,1.6846048315749038,1.0247623517440658
Chilled Water Flow Rate of the Chiller (kg/s),36960,11088000.0,1.0662137572465882,0.8100231693105716,0.25619058793601657
Chilled Water Flow Rate of the Chiller (kg/s),37022,11106600.0,0.7570182200824305,0.7658523782871207,0.008834158204690246
Chilled Water Flow Rate of the Chiller (kg/s),37092,11127600.0,0.3859835754854409,-0.4179248211413696,0.8039083966268105
Chilled Water Flow Rate of the Chiller (kg/s),37818,11345400.0,-0.4179248211413696,0.5008276321464139,0.9187524532877835
Chilled Water Flow Rate of the Chiller (kg/s),37820,11346000.0,1.7464439390077358,2.4885132282017146,0.7420692891939789
Chilled Water Flow Rate of the Chiller (kg/s),37866,11359800.0,2.409005804359502,2.2323226402656977,0.17668316409380447
Chilled Water Flow Rate of the Chiller (kg/s),37876,11362800.0,1.5962632495280016,1.446082560048268,0.1501806894797335
Chilled Water Flow Rate of the Chiller (kg/s),37956,11386800.0,0.1651296203681853,-0.4179248211413696,0.5830544415095549
Chilled Water Flow Rate of the Chiller (kg/s),38108,11432400.0,-0.4179248211413696,1.0662137572465882,1.4841385783879577
Chilled Water Flow Rate of the Chiller (kg/s),38152,11445600.0,0.9248672259715448,0.9425355423809252,0.01766831640938038
Chilled Water Flow Rate of the Chiller (kg/s),38244,11473200.0,0.6775107962402184,-0.4179248211413696,1.095435617381588
Chilled Water Flow Rate of the Chiller (kg/s),38394,11518200.0,-0.4179248211413696,1.172223655702871,1.5901484768442404
Chilled Water Flow Rate of the Chiller (kg/s),38458,11537400.0,1.3047360287732244,1.3224043451826046,0.01766831640938027
Chilled Water Flow Rate of the Chiller (kg/s),38532,11559600.0,0.7128474290589792,-0.4179248211413696,1.1307722502003488
Chilled Water Flow Rate of the Chiller (kg/s),38682,11604600.0,0.7305157454683597,1.878956312078089,1.1484405666097293
Chilled Water Flow Rate of the Chiller (kg/s),38820,11646000.0,0.7658523782871207,-0.4179248211413696,1.1837771994284902
Chilled Water Flow Rate of the Chiller (kg/s),38970,11691000.0,0.9071989095621642,1.958463735920301,1.0512648263581368
Chilled Water Flow Rate of the Chiller (kg/s),39108,11732400.0,1.207560288521632,-0.4179248211413696,1.6254851096630016
Chilled Water Flow Rate of the Chiller (kg/s),39832,11949600.0,-0.4179248211413696,0.6245058470120769,1.0424306681534465
Chilled Water Flow Rate of the Chiller (kg/s),39834,11950200.0,1.817117204645257,2.541518177429856,0.724400972784599
Chilled Water Flow Rate of the Chiller (kg/s),39972,11991600.0,3.433768156103569,-0.4179248211413696,3.8516929772449386
Chilled Water Flow Rate of the Chiller (kg/s),40120,12036000.0,-0.4179248211413696,-0.4179248211413696,0.0
Chilled Water Flow Rate of the Chiller (kg/s),40122,12036600.0,0.3683152590760604,1.613931565937382,1.2456163068613217
Chilled Water Flow Rate of the Chiller (kg/s),40200,12060000.0,1.569760774913931,1.5167558256857896,0.053004949228141474
Chilled Water Flow Rate of the Chiller (kg/s),40236,12070800.0,0.9337013841762348,0.9248672259715448,0.008834158204690024
Chilled Water Flow Rate of the Chiller (kg/s),40260,12078000.0,0.430154366508892,-0.4179248211413696,0.8480791876502616
Chilled Water Flow Rate of the Chiller (kg/s),40410,12123000.0,-0.4179248211413696,1.3577409780013654,1.775665799142735
Chilled Water Flow Rate of the Chiller (kg/s),40416,12124800.0,1.4637508764576483,1.2252286049310124,0.23852227152663596
Chilled Water Flow Rate of the Chiller (kg/s),40548,12164400.0,0.3241444680526092,-0.4179248211413696,0.7420692891939789
Chilled Water Flow Rate of the Chiller (kg/s),40698,12209400.0,0.9955404916090664,1.91429294489685,0.9187524532877835
Chilled Water Flow Rate of the Chiller (kg/s),40704,12211200.0,1.3930776108201264,1.172223655702871,0.22085395511725547
Chilled Water Flow Rate of the Chiller (kg/s),40836,12250800.0,0.1827979367775657,-0.4179248211413696,0.6007227579189353
Chilled Water Flow Rate of the Chiller (kg/s),40986,12295800.0,1.0750479154512784,1.9407954195109205,0.8657475040596421
Chilled Water Flow Rate of the Chiller (kg/s),40992,12297600.0,1.3400726615919851,1.1103845482700394,0.22968811332194572
Chilled Water Flow Rate of the Chiller (kg/s),41124,12337200.0,0.3064761516432288,-0.4179248211413696,0.7244009727845984
Chilled Water Flow Rate of the Chiller (kg/s),42136,12640800.0,-0.4179248211413696,1.1457211810888002,1.5636460022301697
Chilled Water Flow Rate of the Chiller (kg/s),42138,12641400.0,2.152815216423486,2.7270354997283506,0.5742202833048644
Chilled Water Flow Rate of the Chiller (kg/s),42264,12679200.0,2.947889454845606,2.780040448956492,0.167849005889114
Chilled Water Flow Rate of the Chiller (kg/s),42276,12682800.0,2.1704835328328667,-0.4179248211413696,2.5884083539742364
Chilled Water Flow Rate of the Chiller (kg/s),42424,12727200.0,-0.4179248211413696,-0.4179248211413696,0.0
Chilled Water Flow Rate of the Chiller (kg/s),42426,12727800.0,1.4284142436388874,2.30299590590322,0.8745816622643328
Chilled Water Flow Rate of the Chiller (kg/s),42546,12763800.0,1.6404340405514528,1.5874290913233116,0.05300494922814125
Chilled Water Flow Rate of the Chiller (kg/s),42564,12769200.0,0.73934990367305,-0.4179248211413696,1.1572747248144195
Chilled Water Flow Rate of the Chiller (kg/s),42714,12814200.0,1.2605652377497731,2.188151849242247,0.927586611492474
Chilled Water Flow Rate of the Chiller (kg/s),42800,12840000.0,1.9407954195109205,1.9761320523296813,0.03533663281876076
Chilled Water Flow Rate of the Chiller (kg/s),42852,12855600.0,1.6227657241420723,-0.4179248211413696,2.040690545283442
Chilled Water Flow Rate of the Chiller (kg/s),43002,12900600.0,1.1192187064747297,2.064473634376584,0.9452549279018545
Chilled Water Flow Rate of the Chiller (kg/s),43080,12924000.0,2.046805317967203,2.0733077925812737,0.026502474614070515
Chilled Water Flow Rate of the Chiller (kg/s),43140,12942000.0,1.817117204645257,-0.4179248211413696,2.2350420257866266
Chilled Water Flow Rate of the Chiller (kg/s),43866,13159800.0,1.13688702288411,2.117478583604725,0.9805915607206153
Chilled Water Flow Rate of the Chiller (kg/s),43996,13198800.0,2.762372132547112,2.603357284862687,0.15901484768442486
Chilled Water Flow Rate of the Chiller (kg/s),44004,13201200.0,2.258825114879768,-0.4179248211413696,2.6767499360211375
Chilled Water Flow Rate of the Chiller (kg/s),44154,13246200.0,0.7128474290589792,1.9054587866921595,1.1926113576331803
Chilled Water Flow Rate of the Chiller (kg/s),44292,13287600.0,2.055639476171893,-0.4179248211413696,2.4735642973132625
Chilled Water Flow Rate of the Chiller (kg/s),44440,13332000.0,-0.4179248211413696,-0.4179248211413696,0.0
Chilled Water Flow Rate of the Chiller (kg/s),44442,13332600.0,1.1015503900653492,2.082141950785964,0.980591560720615
Chilled Water Flow Rate of the Chiller (kg/s),44526,13357800.0,2.833045398184633,3.018562720483128,0.18551732229849494
Chilled Water Flow Rate of the Chiller (kg/s),44562,13368600.0,2.523849861020476,2.356000855131361,0.1678490058891149
Chilled Water Flow Rate of the Chiller (kg/s),44580,13374000.0,1.878956312078089,-0.4179248211413696,2.2968811332194585
Chilled Water Flow Rate of the Chiller (kg/s),44728,13418400.0,-0.4179248211413696,-0.4179248211413696,0.0
Chilled Water Flow Rate of the Chiller (kg/s),44730,13419000.0,1.3312385033872949,2.249990956675078,0.9187524532877833
Chilled Water Flow Rate of the Chiller (kg/s),44868,13460400.0,1.7729464136218065,-0.4179248211413696,2.190871234763176
Chilled Water Flow Rate of the Chiller (kg/s),45018,13505400.0,1.1457211810888002,2.117478583604725,0.971757402515925
Chilled Water Flow Rate of the Chiller (kg/s),45092,13527600.0,2.6563622340908286,2.8418795563893235,0.18551732229849494
Chilled Water Flow Rate of the Chiller (kg/s),45140,13542000.0,2.8065429235705626,2.629859759476758,0.17668316409380447
Chilled Water Flow Rate of the Chiller (kg/s),45156,13546800.0,1.984966210534372,-0.4179248211413696,2.4028910316757415
Chilled Water Flow Rate of the Chiller (kg/s),45880,13764000.0,-0.4179248211413696,1.3930776108201264,1.811002431961496
Chilled Water Flow Rate of the Chiller (kg/s),45882,13764600.0,2.258825114879768,2.7712062907518016,0.5123811758720338
Chilled Water Flow Rate of the Chiller (kg/s),46020,13806000.0,3.451436472512949,-0.4179248211413696,3.8693612936543187
Chilled Water Flow Rate of the Chiller (kg/s),46170,13851000.0,1.5432583002998606,2.364835013336051,0.8215767130361906
Chilled Water Flow Rate of the Chiller (kg/s),46308,13892400.0,2.594523126657997,-0.4179248211413696,3.012447947799367
Chilled Water Flow Rate of the Chiller (kg/s),46458,13937400.0,1.4814191928670286,2.3118300641079097,0.8304108712408811
Chilled Water Flow Rate of the Chiller (kg/s),46582,13974600.0,2.6475280758861386,2.462010753587644,0.1855173222984945
Chilled Water Flow Rate of the Chiller (kg/s),46596,13978800.0,1.6227657241420723,-0.4179248211413696,2.040690545283442
Chilled Water Flow Rate of the Chiller (kg/s),46748,14024400.0,-0.4179248211413696,-0.4179248211413696,0.0
Chilled Water Flow Rate of the Chiller (kg/s),46800,14040000.0,1.0485454408372077,1.1192187064747297,0.07067326563752196
Chilled Water Flow Rate of the Chiller (kg/s),46884,14065200.0,0.8011890111058814,-0.4179248211413696,1.219113832247251
Chilled Water Flow Rate of the Chiller (kg/s),47036,14110800.0,-0.4179248211413696,-0.4179248211413696,0.0
Chilled Water Flow Rate of the Chiller (kg/s),47044,14113200.0,1.1015503900653492,0.9071989095621642,0.19435148050318496
Chilled Water Flow Rate of the Chiller (kg/s),47172,14151600.0,0.235802886005707,-0.4179248211413696,0.6537277071470766
Chilled Water Flow Rate of the Chiller (kg/s),47898,14369400.0,1.0662137572465882,2.082141950785964,1.015928193539376
Chilled Water Flow Rate of the Chiller (kg/s),48036,14410800.0,2.3383325387219807,-0.4179248211413696,2.7562573598633504
Chilled Water Flow Rate of the Chiller (kg/s),48184,14455200.0,-0.4179248211413696,-0.4179248211413696,0.0
Chilled Water Flow Rate of the Chiller (kg/s),48186,14455800.0,0.7923548529011913,1.92312710310154,1.1307722502003488
Chilled Water Flow Rate of the Chiller (kg/s),48198,14459400.0,2.5768548102486166,2.3736691715407416,0.20318563870787498
Chilled Water Flow Rate of the Chiller (kg/s),48324,14497200.0,1.3400726615919851,-0.4179248211413696,1.7579974827333547
Chilled Water Flow Rate of the Chiller (kg/s),48474,14542200.0,-0.4179248211413696,1.4814191928670286,1.8993440140083981
Chilled Water Flow Rate of the Chiller (kg/s),48612,14583600.0,0.9690380169949958,-0.4179248211413696,1.3869628381363655
Chilled Water Flow Rate of the Chiller (kg/s),48762,14628600.0,-0.4179248211413696,0.8011890111058814,1.219113832247251
Chilled Water Flow Rate of the Chiller (kg/s),48772,14631600.0,1.3930776108201264,1.2782335541591536,0.11484405666097275
Chilled Water Flow Rate of the Chiller (kg/s),48878,14663400.0,0.1297929875494243,0.0944563547306634,0.03533663281876091
Chilled Water Flow Rate of the Chiller (kg/s),49050,14715000.0,-0.4179248211413696,-0.4179248211413696,0.0
Chilled Water Flow Rate of the Chiller (kg/s),49188,14756400.0,0.2623053606197777,-0.4179248211413696,0.6802301817611474
Chilled Water Flow Rate of the Chiller (kg/s),49912,14973600.0,-0.4179248211413696,0.465490999327653,0.8834158204690226
Chilled Water Flow Rate of the Chiller (kg/s),49914,14974200.0,1.7287756225983553,2.506181544611095,0.7774059220127398
Chilled Water Flow Rate of the Chiller (kg/s),50052,15015600.0,3.424933997898878,-0.4179248211413696,3.8428588190402477
Chilled Water Flow Rate of the Chiller (kg/s),50200,15060000.0,-0.4179248211413696,-0.4179248211413696,0.0
Chilled Water Flow Rate of the Chiller (kg/s),50202,15060600.0,1.12805286467942,2.1086444254000347,0.9805915607206148
Chilled Water Flow Rate of the Chiller (kg/s),50290,15087000.0,2.824211239979943,2.6916988669095896,0.13251237307035346
Chilled Water Flow Rate of the Chiller (kg/s),50336,15100800.0,1.817117204645257,1.7552780972124258,0.061839107432831275
Chilled Water Flow Rate of the Chiller (kg/s),50340,15102000.0,1.52558998389048,-0.4179248211413696,1.9435148050318496
Chilled Water Flow Rate of the Chiller (kg/s),50490,15147000.0,0.6333400052167671,1.7817805718264963,1.1484405666097293
Chilled Water Flow Rate of the Chiller (kg/s),50628,15188400.0,1.9672978941249912,-0.4179248211413696,2.385222715266361
Chilled Water Flow Rate of the Chiller (kg/s),50776,15232800.0,-0.4179248211413696,-0.4179248211413696,0.0
Chilled Water Flow Rate of the Chiller (kg/s),50916,15274800.0,1.1103845482700394,-0.4179248211413696,1.528309369411409
Chilled Water Flow Rate of the Chiller (kg/s),51066,15319800.0,0.5626667395792455,1.7199414643936648,1.1572747248144193
Chilled Water Flow Rate of the Chiller (kg/s),51204,15361200.0,1.3489068197966754,-0.4179248211413696,1.766831640938045
Chilled Water Flow Rate of the Chiller (kg/s),51928,15578400.0,-0.4179248211413696,0.8365256439246423,1.254450465066012
Chilled Water Flow Rate of the Chiller (kg/s),51930,15579000.0,1.9319612613062305,2.585688968453306,0.6537277071470757
Chilled Water Flow Rate of the Chiller (kg/s),52068,15620400.0,3.442602314308259,-0.4179248211413696,3.8605271354496287
Chilled Water Flow Rate of the Chiller (kg/s),52218,15665400.0,1.4019117690248168,2.2676592730844587,0.8657475040596418
Chilled Water Flow Rate of the Chiller (kg/s),52342,15702600.0,3.0362310368925085,2.877216189208084,0.15901484768442442
Chilled Water Flow Rate of the Chiller (kg/s),52356,15706800.0,2.1704835328328667,-0.4179248211413696,2.5884083539742364
Chilled Water Flow Rate of the Chiller (kg/s),52506,15751800.0,1.172223655702871,2.0998102671953447,0.9275866114924738
Chilled Water Flow Rate of the Chiller (kg/s),52526,15757800.0,2.559186493839236,2.788874607161182,0.22968811332194594
Chilled Water Flow Rate of the Chiller (kg/s),52626,15787800.0,2.71820134152366,2.541518177429856,0.17668316409380402
Chilled Water Flow Rate of the Chiller (kg/s),52644,15793200.0,1.9407954195109205,-0.4179248211413696,2.35872024065229
Chilled Water Flow Rate of the Chiller (kg/s),52794,15838200.0,1.295901870568534,2.188151849242247,0.8922499786737133
Chilled Water Flow Rate of the Chiller (kg/s),52906,15871800.0,2.002634526943752,1.984966210534372,0.01766831640938027
Chilled Water Flow Rate of the Chiller (kg/s),52932,15879600.0,0.863028118538713,-0.4179248211413696,1.2809529396800825
Chilled Water Flow Rate of the Chiller (kg/s),53944,16183200.0,-0.4179248211413696,1.3135701869779144,1.731495008119284
Chilled Water Flow Rate of the Chiller (kg/s),53946,16183800.0,2.2323226402656977,2.762372132547112,0.5300494922814143
Chilled Water Flow Rate of the Chiller (kg/s),54084,16225200.0,3.460270630717639,-0.4179248211413696,3.8781954518590087
Chilled Water Flow Rate of the Chiller (kg/s),54232,16269600.0,-0.4179248211413696,-0.4179248211413696,0.0
Chilled Water Flow Rate of the Chiller (kg/s),54234,16270200.0,1.2605652377497731,2.2323226402656977,0.9717574025159246
Chilled Water Flow Rate of the Chiller (kg/s),54342,16302600.0,2.8065429235705626,2.629859759476758,0.17668316409380447
Chilled Water Flow Rate of the Chiller (kg/s),54362,16308600.0,1.8701221538733983,1.817117204645257,0.05300494922814125
Chilled Water Flow Rate of the Chiller (kg/s),54372,16311600.0,1.2252286049310124,-0.4179248211413696,1.643153426072382
Chilled Water Flow Rate of the Chiller (kg/s),54520,16356000.0,-0.4179248211413696,-0.4179248211413696,0.0
Chilled Water Flow Rate of the Chiller (kg/s),54600,16380000.0,1.92312710310154,1.9496295777156107,0.026502474614070737
Chilled Water Flow Rate of the Chiller (kg/s),54648,16394400.0,1.958463735920301,1.9054587866921595,0.053004949228141474
Chilled Water Flow Rate of the Chiller (kg/s),54660,16398000.0,1.1545553392934904,-0.4179248211413696,1.57248016043486
Chilled Water Flow Rate of the Chiller (kg/s),54810,16443000.0,0.8453598021293326,1.9054587866921595,1.0600989845628268
Chilled Water Flow Rate of the Chiller (kg/s),54948,16484400.0,0.7305157454683597,-0.4179248211413696,1.1484405666097293
Chilled Water Flow Rate of the Chiller (kg/s),55098,16529400.0,0.7481840618777402,1.843619679259328,1.0954356173815878
Chilled Water Flow Rate of the Chiller (kg/s),55144,16543200.0,1.4284142436388874,1.4549167182529583,0.02650247461407096
Chilled Water Flow Rate of the Chiller (kg/s),55236,16570800.0,1.0397112826325174,-0.4179248211413696,1.457636103773887
Chilled Water Flow Rate of the Chiller (kg/s),55960,16788000.0,-0.4179248211413696,0.863028118538713,1.2809529396800825
Chilled Water Flow Rate of the Chiller (kg/s),55962,16788600.0,1.9496295777156107,2.594523126657997,0.6448935489423864
Chilled Water Flow Rate of the Chiller (kg/s),56100,16830000.0,3.257084992009764,-0.4179248211413696,3.6750098131511337
Chilled Water Flow Rate of the Chiller (kg/s),56248,16874400.0,-0.4179248211413696,0.4743251575323431,0.8922499786737127
Chilled Water Flow Rate of the Chiller (kg/s),56250,16875000.0,1.7287756225983553,2.4973473864064046,0.7685717638080494
Chilled Water Flow Rate of the Chiller (kg/s),56374,16912200.0,2.921386980231535,2.753537974342421,0.167849005889114
Chilled Water Flow Rate of the Chiller (kg/s),56388,16916400.0,2.0733077925812737,-0.4179248211413696,2.4912326137226435
Chilled Water Flow Rate of the Chiller (kg/s),56536,16960800.0,-0.4179248211413696,-0.4179248211413696,0.0
Chilled Water Flow Rate of the Chiller (kg/s),56538,16961400.0,1.2605652377497731,2.223488482061008,0.962923244311235
Chilled Water Flow Rate of the Chiller (kg/s),56548,16964400.0,2.409005804359502,2.1704835328328667,0.23852227152663552
Chilled Water Flow Rate of the Chiller (kg/s),56580,16974000.0,2.32949838051729,2.4885132282017146,0.15901484768442442
Chilled Water Flow Rate of the Chiller (kg/s),56652,16995600.0,2.8418795563893235,2.682864708704899,0.15901484768442442
Chilled Water Flow Rate of the Chiller (kg/s),56676,17002800.0,1.7906147300311868,-0.4179248211413696,2.2085395511725565
Chilled Water Flow Rate of the Chiller (kg/s),56824,17047200.0,-0.4179248211413696,-0.4179248211413696,0.0
Chilled Water Flow Rate of the Chiller (kg/s),56950,17085000.0,1.6757706733702138,1.613931565937382,0.06183910743283172
Chilled Water Flow Rate of the Chiller (kg/s),56964,17089200.0,0.8365256439246423,-0.4179248211413696,1.254450465066012
Chilled Water Flow Rate of the Chiller (kg/s),57114,17134200.0,1.3577409780013654,2.188151849242247,0.8304108712408818
Chilled Water Flow Rate of the Chiller (kg/s),57200,17160000.0,2.2764934312891487,2.3206642223126,0.04417079102345145
Chilled Water Flow Rate of the Chiller (kg/s),57232,17169600.0,2.5326840192251656,2.3736691715407416,0.15901484768442398
Chilled Water Flow Rate of the Chiller (kg/s),57252,17175600.0,1.984966210534372,-0.4179248211413696,2.4028910316757415
Chilled Water Flow Rate of the Chiller (kg/s),57976,17392800.0,-0.4179248211413696,1.5079216674810996,1.925846488622469
Chilled Water Flow Rate of the Chiller (kg/s),57978,17393400.0,2.3736691715407416,2.868382031003394,0.4947128594626524
Chilled Water Flow Rate of the Chiller (kg/s),58116,17434800.0,3.460270630717639,-0.4179248211413696,3.8781954518590087
Chilled Water Flow Rate of the Chiller (kg/s),58264,17479200.0,-0.4179248211413696,0.5538325813745553,0.9717574025159248
Chilled Water Flow Rate of the Chiller (kg/s),58266,17479800.0,1.7552780972124258,2.515015702815785,0.7597376056033593
Chilled Water Flow Rate of the Chiller (kg/s),58396,17518800.0,3.0008944040737475,2.833045398184633,0.16784900588911444
Chilled Water Flow Rate of the Chiller (kg/s),58404,17521200.0,2.214654323856317,-0.4179248211413696,2.632579144997687
Chilled Water Flow Rate of the Chiller (kg/s),58552,17565600.0,-0.4179248211413696,-0.4179248211413696,0.0
Chilled Water Flow Rate of the Chiller (kg/s),58554,17566200.0,1.12805286467942,2.0998102671953447,0.9717574025159248
Chilled Water Flow Rate of the Chiller (kg/s),58628,17588400.0,2.3383325387219807,2.4885132282017146,0.15018068947973395
Chilled Water Flow Rate of the Chiller (kg/s),58672,17601600.0,2.682864708704899,2.515015702815785,0.167849005889114
Chilled Water Flow Rate of the Chiller (kg/s),58692,17607600.0,1.7641122554171162,-0.4179248211413696,2.182037076558486
Chilled Water Flow Rate of the Chiller (kg/s),58840,17652000.0,-0.4179248211413696,-0.4179248211413696,0.0
Chilled Water Flow Rate of the Chiller (kg/s),58842,17652600.0,1.295901870568534,2.188151849242247,0.8922499786737133
Chilled Water Flow Rate of the Chiller (kg/s),58948,17684400.0,2.117478583604725,2.082141950785964,0.03533663281876098
Chilled Water Flow Rate of the Chiller (kg/s),58964,17689200.0,1.3577409780013654,1.3047360287732244,0.05300494922814103
Chilled Water Flow Rate of the Chiller (kg/s),58980,17694000.0,0.7128474290589792,-0.4179248211413696,1.1307722502003488
Chilled Water Flow Rate of the Chiller (kg/s),59130,17739000.0,1.083882073655969,2.0379711597625128,0.9540890861065439
Chilled Water Flow Rate of the Chiller (kg/s),59138,17741400.0,1.5079216674810996,1.3400726615919851,0.16784900588911444
Chilled Water Flow Rate of the Chiller (kg/s),59268,17780400.0,0.4566568411229627,-0.4179248211413696,0.8745816622643323
Chilled Water Flow Rate of the Chiller (kg/s),59992,17997600.0,-0.4179248211413696,0.5626667395792455,0.980591560720615
Chilled Water Flow Rate of the Chiller (kg/s),59994,17998200.0,1.7817805718264963,2.523849861020476,0.7420692891939797
Chilled Water Flow Rate of the Chiller (kg/s),60132,18039600.0,2.400171646154812,-0.4179248211413696,2.818096467296182
Chilled Water Flow Rate of the Chiller (kg/s),60282,18084600.0,1.13688702288411,2.117478583604725,0.9805915607206153
Chilled Water Flow Rate of the Chiller (kg/s),60306,18091800.0,2.70936718331897,2.939055296640916,0.22968811332194594
Chilled Water Flow Rate of the Chiller (kg/s),60410,18123000.0,3.0008944040737475,2.8418795563893235,0.15901484768442398
Chilled Water Flow Rate of the Chiller (kg/s),60420,18126000.0,2.258825114879768,-0.4179248211413696,2.6767499360211375
Chilled Water Flow Rate of the Chiller (kg/s),60568,18170400.0,-0.4179248211413696,-0.4179248211413696,0.0
Chilled Water Flow Rate of the Chiller (kg/s),60570,18171000.0,1.499087509276409,2.3118300641079097,0.8127425548315006
Chilled Water Flow Rate of the Chiller (kg/s),60592,18177600.0,2.7270354997283506,2.947889454845606,0.22085395511725547
Chilled Water Flow Rate of the Chiller (kg/s),60700,18210000.0,2.877216189208084,2.682864708704899,0.19435148050318496
Chilled Water Flow Rate of the Chiller (kg/s),60708,18212400.0,1.958463735920301,-0.4179248211413696,2.3763885570616705
Chilled Water Flow Rate of the Chiller (kg/s),60856,18256800.0,-0.4179248211413696,-0.4179248211413696,0.0
Chilled Water Flow Rate of the Chiller (kg/s),60858,18257400.0,1.3224043451826046,2.188151849242247,0.8657475040596425
Chilled Water Flow Rate of the Chiller (kg/s),60972,18291600.0,2.002634526943752,1.958463735920301,0.04417079102345123
Chilled Water Flow Rate of the Chiller (kg/s),60994,18298200.0,0.9513697005856152,0.898364751357474,0.05300494922814125
Chilled Water Flow Rate of the Chiller (kg/s),61146,18343800.0,0.9513697005856152,2.002634526943752,1.051264826358137
Chilled Water Flow Rate of the Chiller (kg/s),61194,18358200.0,2.382503329745432,2.5503523356345457,0.16784900588911356
Chilled Water Flow Rate of the Chiller (kg/s),61226,18367800.0,2.912552822026845,3.08923598612065,0.1766831640938049
Chilled Water Flow Rate of the Chiller (kg/s),61270,18381000.0,2.815377081775253,2.6475280758861386,0.16784900588911444
Chilled Water Flow Rate of the Chiller (kg/s),61284,18385200.0,2.0379711597625128,-0.4179248211413696,2.4558959809038825
Chilled Water Flow Rate of the Chiller (kg/s),62008,18602400.0,-0.4179248211413696,1.13688702288411,1.5548118440254795
Chilled Water Flow Rate of the Chiller (kg/s),62010,18603000.0,2.143981058218796,2.7270354997283506,0.5830544415095544
Chilled Water Flow Rate of the Chiller (kg/s),62148,18644400.0,3.442602314308259,-0.4179248211413696,3.8605271354496287
Chilled Water Flow Rate of the Chiller (kg/s),62296,18688800.0,-0.4179248211413696,-0.4179248211413696,0.0
Chilled Water Flow Rate of the Chiller (kg/s),62298,18689400.0,1.2693993959544634,2.241156798470388,0.9717574025159248
Chilled Water Flow Rate of the Chiller (kg/s),62436,18730800.0,2.638693917681448,-0.4179248211413696,3.056618738822818
Chilled Water Flow Rate of the Chiller (kg/s),62584,18775200.0,-0.4179248211413696,-0.4179248211413696,0.0
Chilled Water Flow Rate of the Chiller (kg/s),62720,18816000.0,1.2340627631357026,1.172223655702871,0.06183910743283172
Chilled Water Flow Rate of the Chiller (kg/s),62724,18817200.0,0.9955404916090664,-0.4179248211413696,1.413465312750436
Chilled Water Flow Rate of the Chiller (kg/s),62874,18862200.0,-0.4179248211413696,-0.4179248211413696,0.0
Chilled Water Flow Rate of the Chiller (kg/s),62920,18876000.0,1.3930776108201264,1.4195800854341971,0.026502474614070737
Chilled Water Flow Rate of the Chiller (kg/s),63010,18903000.0,1.004374649813757,0.9425355423809252,0.06183910743283172
Chilled Water Flow Rate of the Chiller (kg/s),63162,18948600.0,0.6598424798308379,1.7287756225983553,1.0689331427675173
Chilled Water Flow Rate of the Chiller (kg/s),63300,18990000.0,0.9337013841762348,-0.4179248211413696,1.3516262053176045
Chilled Water Flow Rate of the Chiller (kg/s),64024,19207200.0,-0.4179248211413696,-0.4179248211413696,0.0
Chilled Water Flow Rate of the Chiller (kg/s),64026,19207800.0,1.490253351071719,2.3383325387219807,0.8480791876502616
Chilled Water Flow Rate of the Chiller (kg/s),64150,19245000.0,2.947889454845606,2.788874607161182,0.15901484768442398
Chilled Water Flow Rate of the Chiller (kg/s),64164,19249200.0,2.126312741809415,-0.4179248211413696,2.544237562950785
Chilled Water Flow Rate of the Chiller (kg/s),64314,19294200.0,0.4389885247135822,1.6581023569608333,1.2191138322472512
Chilled Water Flow Rate of the Chiller (kg/s),64376,19312800.0,1.2428969213403926,1.1987261303169416,0.044170791023451006
Chilled Water Flow Rate of the Chiller (kg/s),64452,19335600.0,0.4478226829182725,-0.4179248211413696,0.8657475040596421
Chilled Water Flow Rate of the Chiller (kg/s),64604,19381200.0,-0.4179248211413696,-0.4179248211413696,0.0
Chilled Water Flow Rate of the Chiller (kg/s),64740,19422000.0,0.3683152590760604,-0.4179248211413696,0.78624008021743
Chilled Water Flow Rate of the Chiller (kg/s),64892,19467600.0,-0.4179248211413696,-0.4179248211413696,0.0
Chilled Water Flow Rate of the Chiller (kg/s),64936,19480800.0,0.3329786262572995,0.3506469426666799,0.01766831640938038
Chilled Water Flow Rate of the Chiller (kg/s),65028,19508400.0,0.3683152590760604,-0.4179248211413696,0.78624008021743
Chilled Water Flow Rate of the Chiller (kg/s),65180,19554000.0,-0.1263976003865921,1.5079216674810996,1.6343192678676917
Chilled Water Flow Rate of the Chiller (kg/s),65316,19594800.0,0.430154366508892,-0.4179248211413696,0.8480791876502616
Chilled Water Flow Rate of the Chiller (kg/s),66042,19812600.0,-0.4179248211413696,0.9955404916090664,1.413465312750436
Chilled Water Flow Rate of the Chiller (kg/s),66044,19813200.0,2.0733077925812737,2.70053302511428,0.6272252325330063
Chilled Water Flow Rate of the Chiller (kg/s),66180,19854000.0,2.762372132547112,-0.4179248211413696,3.1802969536884818
Chilled Water Flow Rate of the Chiller (kg/s),66330,19899000.0,0.5096617903511041,1.7199414643936648,1.2102796740425608
Chilled Water Flow Rate of the Chiller (kg/s),66342,19902600.0,2.8065429235705626,2.603357284862687,0.20318563870787543
Chilled Water Flow Rate of the Chiller (kg/s),66364,19909200.0,2.523849861020476,2.7358696579330406,0.21201979691256456
Chilled Water Flow Rate of the Chiller (kg/s),66452,19935600.0,2.8418795563893235,2.674030550500209,0.16784900588911444
Chilled Water Flow Rate of the Chiller (kg/s),66468,19940400.0,2.064473634376584,-0.4179248211413696,2.482398455517954
Chilled Water Flow Rate of the Chiller (kg/s),66616,19984800.0,-0.4179248211413696,-0.4179248211413696,0.0
Chilled Water Flow Rate of the Chiller (kg/s),66652,19995600.0,2.32949838051729,2.4885132282017146,0.15901484768442442
Chilled Water Flow Rate of the Chiller (kg/s),66706,20011800.0,2.594523126657997,2.4178399625641926,0.17668316409380447
Chilled Water Flow Rate of the Chiller (kg/s),66732,20019600.0,1.4019117690248168,1.366575136206056,0.03533663281876076
Chilled Water Flow Rate of the Chiller (kg/s),66756,20026800.0,0.6068375306026965,-0.4179248211413696,1.024762351744066
Chilled Water Flow Rate of the Chiller (kg/s),66906,20071800.0,1.092716231860659,2.002634526943752,0.9099182950830933
Chilled Water Flow Rate of the Chiller (kg/s),66912,20073600.0,1.5079216674810996,1.295901870568534,0.21201979691256567
Chilled Water Flow Rate of the Chiller (kg/s),66976,20092800.0,0.863028118538713,0.8806964349480935,0.01766831640938049
Chilled Water Flow Rate of the Chiller (kg/s),67044,20113200.0,0.6951791126495988,-0.4179248211413696,1.1131039337909683
Chilled Water Flow Rate of the Chiller (kg/s),67194,20158200.0,1.3047360287732244,2.0998102671953447,0.7950742384221203
Chilled Water Flow Rate of the Chiller (kg/s),67332,20199600.0,0.8011890111058814,-0.4179248211413696,1.219113832247251
Chilled Water Flow Rate of the Chiller (kg/s),68056,20416800.0,-0.4179248211413696,1.1192187064747297,1.5371435276160992
Chilled Water Flow Rate of the Chiller (kg/s),68058,20417400.0,2.1351469000141057,2.7270354997283506,0.5918885997142449
Chilled Water Flow Rate of the Chiller (kg/s),68160,20448000.0,2.912552822026845,2.753537974342421,0.15901484768442398
Chilled Water Flow Rate of the Chiller (kg/s),68182,20454600.0,2.064473634376584,2.0203028433531323,0.044170791023451894
Chilled Water Flow Rate of the Chiller (kg/s),68196,20458800.0,1.3135701869779144,-0.4179248211413696,1.731495008119284
Chilled Water Flow Rate of the Chiller (kg/s),68346,20503800.0,1.172223655702871,2.0998102671953447,0.9275866114924738
Chilled Water Flow Rate of the Chiller (kg/s),68378,20513400.0,1.958463735920301,2.0114686851484422,0.05300494922814125
Chilled Water Flow Rate of the Chiller (kg/s),68478,20543400.0,1.605097407732692,1.52558998389048,0.07950742384221199
Chilled Water Flow Rate of the Chiller (kg/s),68484,20545200.0,1.1457211810888002,-0.4179248211413696,1.5636460022301697
Chilled Water Flow Rate of the Chiller (kg/s),68632,20589600.0,-0.4179248211413696,-0.4179248211413696,0.0
Chilled Water Flow Rate of the Chiller (kg/s),68668,20600400.0,2.382503329745432,2.568020652043926,0.18551732229849405
Chilled Water Flow Rate of the Chiller (kg/s),68760,20628000.0,2.744703816137731,2.541518177429856,0.20318563870787498
Chilled Water Flow Rate of the Chiller (kg/s),68770,20631000.0,1.817117204645257,1.7464439390077358,0.0706732656375213
Chilled Water Flow Rate of the Chiller (kg/s),68772,20631600.0,1.6757706733702138,-0.4179248211413696,2.0936954945115835
Chilled Water Flow Rate of the Chiller (kg/s),68922,20676600.0,1.1545553392934904,2.064473634376584,0.9099182950830937
Chilled Water Flow Rate of the Chiller (kg/s),68950,20685000.0,2.2676592730844587,2.3471666969266707,0.07950742384221199
Chilled Water Flow Rate of the Chiller (kg/s),69012,20703600.0,2.788874607161182,2.6563622340908286,0.13251237307035346
Chilled Water Flow Rate of the Chiller (kg/s),69038,20711400.0,1.666936515165523,1.6227657241420723,0.044170791023450784
Chilled Water Flow Rate of the Chiller (kg/s),69060,20718000.0,0.7216815872636695,-0.4179248211413696,1.139606408405039
Chilled Water Flow Rate of the Chiller (kg/s),69210,20763000.0,0.8541939603340228,1.9054587866921595,1.0512648263581368
Chilled Water Flow Rate of the Chiller (kg/s),69286,20785800.0,1.7906147300311868,1.817117204645257,0.026502474614070293
Chilled Water Flow Rate of the Chiller (kg/s),69304,20791200.0,2.30299590590322,2.426674120768883,0.123678214865663
Chilled Water Flow Rate of the Chiller (kg/s),69332,20799600.0,2.2323226402656977,2.188151849242247,0.04417079102345056
Chilled Water Flow Rate of the Chiller (kg/s),69348,20804400.0,1.366575136206056,-0.4179248211413696,1.7844999573474256
Chilled Water Flow Rate of the Chiller (kg/s),70072,21021600.0,-0.4179248211413696,0.5980033723980063,1.0159281935393758
Chilled Water Flow Rate of the Chiller (kg/s),70074,21022200.0,1.7994488882358768,2.5326840192251656,0.7332351309892888
Chilled Water Flow Rate of the Chiller (kg/s),70212,21063600.0,2.559186493839236,-0.4179248211413696,2.977111314980606
Chilled Water Flow Rate of the Chiller (kg/s),70362,21108600.0,0.9337013841762348,2.0114686851484422,1.0777673009722073
Chilled Water Flow Rate of the Chiller (kg/s),70426,21127800.0,3.071567669711269,3.248250833805074,0.1766831640938049
Chilled Water Flow Rate of the Chiller (kg/s),70486,21145800.0,2.629859759476758,2.4531765953829536,0.17668316409380447
Chilled Water Flow Rate of the Chiller (kg/s),70500,21150000.0,2.046805317967203,-0.4179248211413696,2.464730139108573
Chilled Water Flow Rate of the Chiller (kg/s),70650,21195000.0,0.9337013841762348,2.0114686851484422,1.0777673009722073
Chilled Water Flow Rate of the Chiller (kg/s),70680,21204000.0,2.5326840192251656,2.7358696579330406,0.20318563870787498
Chilled Water Flow Rate of the Chiller (kg/s),70766,21229800.0,2.523849861020476,2.3471666969266707,0.17668316409380536
Chilled Water Flow Rate of the Chiller (kg/s),70784,21235200.0,1.6227657241420723,1.5520924585045506,0.07067326563752174
Chilled Water Flow Rate of the Chiller (kg/s),70788,21236400.0,1.3312385033872949,-0.4179248211413696,1.7491633245286644
Chilled Water Flow Rate of the Chiller (kg/s),70938,21281400.0,0.9071989095621642,1.9672978941249912,1.060098984562827
Chilled Water Flow Rate of the Chiller (kg/s),70974,21292200.0,2.241156798470388,2.258825114879768,0.017668316409379603
Chilled Water Flow Rate of the Chiller (kg/s),71052,21315600.0,2.356000855131361,2.285327589493839,0.07067326563752196
Chilled Water Flow Rate of the Chiller (kg/s),71076,21322800.0,1.2428969213403926,-0.4179248211413696,1.6608217424817622
Chilled Water Flow Rate of the Chiller (kg/s),71226,21367800.0,1.0397112826325174,1.9672978941249912,0.9275866114924738
Chilled Water Flow Rate of the Chiller (kg/s),71248,21374400.0,1.7376097808030453,1.808283046440567,0.07067326563752174
Chilled Water Flow Rate of the Chiller (kg/s),71294,21388200.0,2.815377081775253,3.009728562278437,0.19435148050318407
Chilled Water Flow Rate of the Chiller (kg/s),71346,21403800.0,2.682864708704899,2.4973473864064046,0.1855173222984945
Chilled Water Flow Rate of the Chiller (kg/s),71364,21409200.0,1.5079216674810996,-0.4179248211413696,1.925846488622469
Chilled Water Flow Rate of the Chiller (kg/s),72164,21649200.0,-0.1263976003865921,1.5962632495280016,1.7226608499145937
Chilled Water Flow Rate of the Chiller (kg/s),72174,21652200.0,1.490253351071719,1.0485454408372077,0.4417079102345114
Chilled Water Flow Rate of the Chiller (kg/s),72194,21658200.0,-0.4179248211413696,-0.4179248211413696,0.0
Chilled Water Flow Rate of the Chiller (kg/s),72206,21661800.0,0.156295462163495,0.0414514055025221,0.11484405666097289
Chilled Water Flow Rate of the Chiller (kg/s),72224,21667200.0,-0.4179248211413696,0.4124860500995115,0.8304108712408811
Chilled Water Flow Rate of the Chiller (kg/s),72232,21669600.0,1.560926616709241,1.207560288521632,0.35336632818760894
Chilled Water Flow Rate of the Chiller (kg/s),72238,21671400.0,0.1121246711400438,-0.002719385520929,0.1148440566609728
Chilled Water Flow Rate of the Chiller (kg/s),72284,21685200.0,1.3930776108201264,2.294161747698529,0.9010841368784028
Chilled Water Flow Rate of the Chiller (kg/s),72296,21688800.0,1.7287756225983553,1.083882073655969,0.6448935489423864
Chilled Water Flow Rate of the Chiller (kg/s),72300,21690000.0,0.0061147726837612,-0.1440659167959726,0.15018068947973381
Chilled Water Flow Rate of the Chiller (kg/s),72348,21704400.0,-0.4179248211413696,0.4478226829182725,0.8657475040596421
Chilled Water Flow Rate of the Chiller (kg/s),72350,21705000.0,1.7287756225983553,2.4973473864064046,0.7685717638080494
Chilled Water Flow Rate of the Chiller (kg/s),72362,21708600.0,1.4372484018435778,0.8541939603340228,0.583054441509555
Chilled Water Flow Rate of the Chiller (kg/s),72378,21713400.0,0.73934990367305,1.91429294489685,1.1749430412238
Chilled Water Flow Rate of the Chiller (kg/s),72380,21714000.0,2.603357284862687,3.009728562278437,0.40637127741574997
Chilled Water Flow Rate of the Chiller (kg/s),72516,21754800.0,3.451436472512949,-0.4179248211413696,3.8693612936543187
Chilled Water Flow Rate of the Chiller (kg/s),72666,21799800.0,0.7835206946965011,1.9407954195109205,1.1572747248144193
Chilled Water Flow Rate of the Chiller (kg/s),72796,21838800.0,2.921386980231535,2.753537974342421,0.167849005889114
Chilled Water Flow Rate of the Chiller (kg/s),72804,21841200.0,2.223488482061008,-0.4179248211413696,2.641413303202378
Chilled Water Flow Rate of the Chiller (kg/s),72954,21886200.0,0.544998423169865,1.7111073061889748,1.1661088830191098
Chilled Water Flow Rate of the Chiller (kg/s),72996,21898800.0,2.382503329745432,2.559186493839236,0.17668316409380402
Chilled Water Flow Rate of the Chiller (kg/s),73074,21922200.0,2.4885132282017146,2.3206642223126,0.16784900588911444
Chilled Water Flow Rate of the Chiller (kg/s),73092,21927600.0,1.6581023569608333,-0.4179248211413696,2.076027178102203
Chilled Water Flow Rate of the Chiller (kg/s),73242,21972600.0,0.9602038587903056,1.984966210534372,1.0247623517440663
Chilled Water Flow Rate of the Chiller (kg/s),73280,21984000.0,2.30299590590322,2.4178399625641926,0.11484405666097253
Chilled Water Flow Rate of the Chiller (kg/s),73368,22010400.0,2.585688968453306,2.400171646154812,0.18551732229849405
Chilled Water Flow Rate of the Chiller (kg/s),73380,22014000.0,1.817117204645257,-0.4179248211413696,2.2350420257866266
Chilled Water Flow Rate of the Chiller (kg/s),74104,22231200.0,-0.4179248211413696,0.7746865364918109,1.1926113576331805
Chilled Water Flow Rate of the Chiller (kg/s),74106,22231800.0,1.8966246284874693,2.568020652043926,0.6713960235564569
Chilled Water Flow Rate of the Chiller (kg/s),74236,22270800.0,3.018562720483128,2.859547872798704,0.15901484768442398
Chilled Water Flow Rate of the Chiller (kg/s),74244,22273200.0,2.196986007446937,-0.4179248211413696,2.614910828588307
Chilled Water Flow Rate of the Chiller (kg/s),74392,22317600.0,-0.4179248211413696,-0.4179248211413696,0.0
Chilled Water Flow Rate of the Chiller (kg/s),74394,22318200.0,1.0485454408372077,2.0733077925812737,1.024762351744066
Chilled Water Flow Rate of the Chiller (kg/s),74406,22321800.0,2.4973473864064046,2.30299590590322,0.19435148050318451
Chilled Water Flow Rate of the Chiller (kg/s),74442,22332600.0,2.603357284862687,2.8065429235705626,0.20318563870787543
Chilled Water Flow Rate of the Chiller (kg/s),74510,22353000.0,2.859547872798704,2.674030550500209,0.18551732229849494
Chilled Water Flow Rate of the Chiller (kg/s),74526,22357800.0,1.7022731479842843,1.6404340405514528,0.0618391074328315
Chilled Water Flow Rate of the Chiller (kg/s),74532,22359600.0,1.2782335541591536,-0.4179248211413696,1.6961583753005232
Chilled Water Flow Rate of the Chiller (kg/s),74682,22404600.0,0.9160330677668544,1.9761320523296813,1.0600989845628268
Chilled Water Flow Rate of the Chiller (kg/s),74690,22407000.0,1.984966210534372,1.808283046440567,0.1766831640938049
Chilled Water Flow Rate of the Chiller (kg/s),74770,22431000.0,1.578594933118621,1.613931565937382,0.03533663281876098
Chilled Water Flow Rate of the Chiller (kg/s),74820,22446000.0,1.057379599041898,-0.4179248211413696,1.4753044201832675
Chilled Water Flow Rate of the Chiller (kg/s),74970,22491000.0,1.1103845482700394,2.0733077925812737,0.9629232443112343
Chilled Water Flow Rate of the Chiller (kg/s),75018,22505400.0,1.92312710310154,1.958463735920301,0.03533663281876098
Chilled Water Flow Rate of the Chiller (kg/s),75050,22515000.0,2.294161747698529,2.364835013336051,0.07067326563752196
Chilled Water Flow Rate of the Chiller (kg/s),75078,22523400.0,2.7270354997283506,2.541518177429856,0.1855173222984945
Chilled Water Flow Rate of the Chiller (kg/s),75096,22528800.0,2.055639476171893,2.0114686851484422,0.04417079102345056
Chilled Water Flow Rate of the Chiller (kg/s),75108,22532400.0,1.172223655702871,-0.4179248211413696,1.5901484768442404
Chilled Water Flow Rate of the Chiller (kg/s),75258,22577400.0,1.1633894974981809,2.1086444254000347,0.9452549279018538
Chilled Water Flow Rate of the Chiller (kg/s),75396,22618800.0,0.8895305931527837,-0.4179248211413696,1.3074554142941532
Chilled Water Flow Rate of the Chiller (kg/s),76120,22836000.0,-0.4179248211413696,0.7835206946965011,1.2014455158378707
Chilled Water Flow Rate of the Chiller (kg/s),76122,22836600.0,1.9054587866921595,2.5768548102486166,0.6713960235564571
Chilled Water Flow Rate of the Chiller (kg/s),76198,22859400.0,3.09807014432534,2.974391929459677,0.123678214865663
Chilled Water Flow Rate of the Chiller (kg/s),76234,22870200.0,2.515015702815785,2.32949838051729,0.18551732229849494
Chilled Water Flow Rate of the Chiller (kg/s),76250,22875000.0,1.7729464136218065,1.7022731479842843,0.07067326563752219
Chilled Water Flow Rate of the Chiller (kg/s),76260,22878000.0,1.092716231860659,-0.4179248211413696,1.5106410530020284
Chilled Water Flow Rate of the Chiller (kg/s),76410,22923000.0,-0.4179248211413696,-0.4179248211413696,0.0
Chilled Water Flow Rate of the Chiller (kg/s),76482,22944600.0,1.9319612613062305,1.9672978941249912,0.03533663281876076
Chilled Water Flow Rate of the Chiller (kg/s),76526,22957800.0,2.2676592730844587,2.223488482061008,0.04417079102345056
Chilled Water Flow Rate of the Chiller (kg/s),76548,22964400.0,1.083882073655969,-0.4179248211413696,1.5018068947973384
Chilled Water Flow Rate of the Chiller (kg/s),76698,23009400.0,0.3859835754854409,1.5874290913233116,1.2014455158378707
Chilled Water Flow Rate of the Chiller (kg/s),76706,23011800.0,1.207560288521632,1.057379599041898,0.15018068947973418
Chilled Water Flow Rate of the Chiller (kg/s),76836,23050800.0,0.1474613039588048,-0.4179248211413696,0.5653861251001744
Chilled Water Flow Rate of the Chiller (kg/s),77274,23182200.0,-0.4179248211413696,1.092716231860659,1.5106410530020284
Chilled Water Flow Rate of the Chiller (kg/s),77280,23184000.0,0.863028118538713,0.6156716888073868,0.2473564297313262
Chilled Water Flow Rate of the Chiller (kg/s),77412,23223600.0,-0.0557243347490703,-0.4179248211413696,0.3622004863922993
Chilled Water Flow Rate of the Chiller (kg/s),78138,23441400.0,-0.4179248211413696,1.2340627631357026,1.6519875842770722
Chilled Water Flow Rate of the Chiller (kg/s),78262,23478600.0,2.638693917681448,2.470844911792334,0.167849005889114
Chilled Water Flow Rate of the Chiller (kg/s),78276,23482800.0,1.8701221538733983,-0.4179248211413696,2.288046975014768
Chilled Water Flow Rate of the Chiller (kg/s),78426,23527800.0,0.9602038587903056,2.0114686851484422,1.0512648263581368
Chilled Water Flow Rate of the Chiller (kg/s),78460,23538000.0,1.7376097808030453,1.6315998823467626,0.10600989845628273
Chilled Water Flow Rate of the Chiller (kg/s),78502,23550600.0,1.287067712363844,1.3224043451826046,0.03533663281876054
Chilled Water Flow Rate of the Chiller (kg/s),78564,23569200.0,0.7305157454683597,-0.4179248211413696,1.1484405666097293
Chilled Water Flow Rate of the Chiller (kg/s),78726,23617800.0,-0.4179248211413696,0.9337013841762348,1.3516262053176045
Chilled Water Flow Rate of the Chiller (kg/s),78846,23653800.0,-0.2324074988428748,-0.2589099734569455,0.02650247461407071
Chilled Water Flow Rate of the Chiller (kg/s),79014,23704200.0,-0.4179248211413696,1.1192187064747297,1.5371435276160992
Chilled Water Flow Rate of the Chiller (kg/s),79134,23740200.0,-0.1440659167959726,-0.1882367078194237,0.04417079102345109
Chilled Water Flow Rate of the Chiller (kg/s),79300,23790000.0,-0.4179248211413696,1.12805286467942,1.5459776858207894
Chilled Water Flow Rate of the Chiller (kg/s),79358,23807400.0,0.7658523782871207,0.7746865364918109,0.008834158204690135
Chilled Water Flow Rate of the Chiller (kg/s),79424,23827200.0,-0.1352317585912823,-0.1970708660241139,0.06183910743283158
Chilled Water Flow Rate of the Chiller (kg/s),80482,24144600.0,-0.4179248211413696,-0.4179248211413696,0.0
Chilled Water Flow Rate of the Chiller (kg/s),80554,24166200.0,0.1297929875494243,0.0679538801165928,0.06183910743283151
Chilled Water Flow Rate of the Chiller (kg/s),80754,24226200.0,-0.4179248211413696,-0.4179248211413696,0.0
Chilled Water Flow Rate of the Chiller (kg/s),80854,24256200.0,-0.2324074988428748,-0.4090906629366793,0.1766831640938045
Chilled Water Flow Rate of the Chiller (kg/s),81042,24312600.0,-0.4179248211413696,0.7835206946965011,1.2014455158378707
Chilled Water Flow Rate of the Chiller (kg/s),81156,24346800.0,0.3859835754854409,-0.4179248211413696,0.8039083966268105
Chilled Water Flow Rate of the Chiller (kg/s),81310,24393000.0,-0.4179248211413696,-0.4179248211413696,0.0
Chilled Water Flow Rate of the Chiller (kg/s),81336,24400800.0,0.3506469426666799,0.3948177336901311,0.04417079102345123
Chilled Water Flow Rate of the Chiller (kg/s),81444,24433200.0,0.7216815872636695,-0.4179248211413696,1.139606408405039
Chilled Water Flow Rate of the Chiller (kg/s),82460,24738000.0,-0.4179248211413696,1.3842434526154364,1.8021682737568059
Chilled Water Flow Rate of the Chiller (kg/s),82580,24774000.0,0.4566568411229627,0.3064761516432288,0.1501806894797339
Chilled Water Flow Rate of the Chiller (kg/s),82756,24826800.0,-0.4179248211413696,1.057379599041898,1.4753044201832675
Chilled Water Flow Rate of the Chiller (kg/s),82876,24862800.0,-0.3295832390944673,-0.356085713708538,0.02650247461407068
Chilled Water Flow Rate of the Chiller (kg/s),84206,25261800.0,-0.4179248211413696,1.083882073655969,1.5018068947973384
Chilled Water Flow Rate of the Chiller (kg/s),84308,25292400.0,0.6510083216261476,0.4478226829182725,0.20318563870787515
Chilled Water Flow Rate of the Chiller (kg/s),84484,25345200.0,-0.4179248211413696,1.2693993959544634,1.687324217095833
Chilled Water Flow Rate of the Chiller (kg/s),84536,25360800.0,0.9867063334043764,1.013208808018447,0.026502474614070515
Chilled Water Flow Rate of the Chiller (kg/s),84606,25381800.0,0.73934990367305,0.589169214193316,0.15018068947973395
Chilled Water Flow Rate of the Chiller (kg/s),84766,25429800.0,0.430154366508892,1.5432583002998606,1.1131039337909685
Chilled Water Flow Rate of the Chiller (kg/s),84828,25448400.0,1.022042966223137,1.0485454408372077,0.026502474614070737
Chilled Water Flow Rate of the Chiller (kg/s),84894,25468200.0,0.8188573275152619,0.6775107962402184,0.14134653127504349
Chilled Water Flow Rate of the Chiller (kg/s),85054,25516200.0,-0.4179248211413696,-0.4179248211413696,0.0
Chilled Water Flow Rate of the Chiller (kg/s),85110,25533000.0,1.172223655702871,1.1898919721122514,0.01766831640938049
Chilled Water Flow Rate of the Chiller (kg/s),85188,25556400.0,0.9425355423809252,-0.4179248211413696,1.3604603635222947
Chilled Water Flow Rate of the Chiller (kg/s),85338,25601400.0,-0.4179248211413696,1.1633894974981809,1.5813143186395504
Chilled Water Flow Rate of the Chiller (kg/s),85476,25642800.0,0.3948177336901311,-0.4179248211413696,0.8127425548315007
Chilled Water Flow Rate of the Chiller (kg/s),88216,26464800.0,-0.4179248211413696,0.6245058470120769,1.0424306681534465
Chilled Water Flow Rate of the Chiller (kg/s),88272,26481600.0,2.117478583604725,2.0733077925812737,0.04417079102345145
Chilled Water Flow Rate of the Chiller (kg/s),88352,26505600.0,0.8541939603340228,0.8100231693105716,0.04417079102345123
Chilled Water Flow Rate of the Chiller (kg/s),89404,26821200.0,0.9955404916090664,1.808283046440567,0.8127425548315006
Chilled Water Flow Rate of the Chiller (kg/s),89496,26848800.0,-0.1882367078194237,-0.2589099734569455,0.0706732656375218
