time (s),AHU Mixed Air Temperature (°K)
0.0,0.6382987037761301
300.0,-1.8691126618522516
600.0,-1.9115457772705613
900.0,-1.8884004415878368
1200.0,-1.8884004415878368
1500.0,-1.845967326169527
1800.0,-1.8035342107511954
2100.0,-1.7803888750684709
2400.0,-1.7379557596501392
2700.0,-1.6955226442318074
3000.0,-1.6299441931307734
3300.0,-1.610656413395166
3600.0,-1.5682232979768342
3900.0,-1.5257901825585025
4200.0,-1.5026448468757783
4500.0,-1.437066395774744
4800.0,-1.3753455006208049
5100.0,-1.3522001649380806
5400.0,-1.3097670495197489
5700.0,-1.2673339341014391
6000.0,-1.201755483000383
6300.0,-1.1593223675820512
6600.0,-1.097601472428134
6900.0,-1.0744561367454097
7200.0,-1.032023021327078
7500.0,-0.9664445702260218
7800.0,-0.8815783393893803
8100.0,-0.8159998882883241
8400.0,-0.7542789931343852
8700.0,-0.6655552063506266
9000.0,-0.5806889755139631
9300.0,-0.4533896292589899
9600.0,-0.38781117815793376
9900.0,-0.32609028300401666
10200.0,-0.23736649622023615
10500.0,-0.1756456010662971
10800.0,-0.1332124856479873
11100.0,-0.0869218142825385
11400.0,-0.025200919128599467
11700.0,0.017232196289732254
12000.0,0.08281064739076645
12300.0,0.14838909849182258
12600.0,0.19082221391015428
12900.0,0.233255329328486
13200.0,0.2988337804295202
13500.0,0.3412668958478519
13800.0,0.40298779100179094
14100.0,0.44542090642010074
14400.0,0.5109993575211569
14700.0,0.5534324729394886
15000.0,0.6190109240405447
15300.0,0.7038771548771863
15600.0,0.746310270295518
15900.0,0.7887433857138497
16200.0,0.8774671724976083
16500.0,0.9623334033342718
16800.0,1.047199634170913
17100.0,1.2400774315269425
17400.0,1.3673767777819377
17700.0,1.4329552288829719
18000.0,1.498533679984028
18300.0,1.6258330262390013
18600.0,1.6914114773400575
18900.0,1.8187108235950307
19200.0,1.9267223901144184
19500.0,1.9884432852683356
19800.0,2.0964548517877235
20100.0,2.1388879672060552
20400.0,2.1813210826243647
20700.0,2.1196001874704478
21000.0,2.289332649143753
21300.0,2.374198879980394
21600.0,2.397344215663119
21900.0,2.5053557821825065
22200.0,2.5670766773364235
22500.0,2.5477888976008383
22800.0,2.6750882438558117
23100.0,2.7175213592741434
23400.0,2.759954474692453
23700.0,2.8486782614762336
24000.0,2.9528322720484823
24300.0,3.041556058832263
24600.0,3.0839891742505947
24900.0,3.1920007407699607
25200.0,3.1032769539862017
25500.0,-1.140034587846444
25800.0,-1.2904792697841634
26100.0,-1.3097670495197489
26400.0,-1.2249008186831074
26700.0,-1.201755483000383
27000.0,-1.1824677032647757
27300.0,-1.140034587846444
27600.0,-1.140034587846444
27900.0,-1.1168892521637195
28200.0,-1.1168892521637195
28500.0,-1.0744561367454097
28800.0,-1.0513108010626853
29100.0,-1.032023021327078
29400.0,-0.9895899059087462
29700.0,-0.9664445702260218
30000.0,-0.9240114548076901
30300.0,-0.8584330037066559
30600.0,-0.8159998882883241
30900.0,-0.7735667728699924
31200.0,-0.7311336574516608
31500.0,-0.688700542033351
31800.0,-0.6462674266150192
32100.0,-0.6038343111966875
32400.0,-0.5614011957783558
32700.0,-0.518968080360046
33000.0,-0.4958227446773216
33300.0,-0.4533896292589899
33600.0,-0.4302442935762655
33900.0,-0.4109565138406582
34200.0,-0.38781117815793376
34500.0,-0.36852339842232645
34800.0,-0.34537806273960203
35100.0,-0.32609028300401666
35400.0,-0.30294494732129224
35700.0,-0.30294494732129224
36000.0,-0.27979961163856787
36300.0,-0.26051183190296057
36600.0,-0.26051183190296057
36900.0,-0.23736649622023615
37200.0,-0.21807871648462882
37500.0,-0.21807871648462882
37800.0,-0.19493338080190442
38100.0,-0.19493338080190442
38400.0,-0.21807871648462882
38700.0,-0.21807871648462882
39000.0,-0.19493338080190442
39300.0,-0.27979961163856787
39600.0,-0.27979961163856787
39900.0,-0.27979961163856787
40200.0,-0.27979961163856787
40500.0,-0.27979961163856787
40800.0,-0.27979961163856787
41100.0,-0.27979961163856787
41400.0,-0.27979961163856787
41700.0,-0.27979961163856787
42000.0,-0.30294494732129224
42300.0,-0.32609028300401666
42600.0,-0.32609028300401666
42900.0,-0.34537806273960203
43200.0,-0.34537806273960203
43500.0,-0.36852339842232645
43800.0,-0.26051183190296057
44100.0,-0.19493338080190442
44400.0,-0.1100671499652629
44700.0,-0.04448869886420678
45000.0,-0.0020555834458750658
45300.0,-0.0020555834458750658
45600.0,0.017232196289732254
45900.0,0.04037753197245666
46200.0,0.017232196289732254
46500.0,0.017232196289732254
46800.0,0.017232196289732254
47100.0,0.04037753197245666
47400.0,0.04037753197245666
47700.0,0.05966531170804205
48000.0,0.05966531170804205
48300.0,-0.0020555834458750658
48600.0,-0.1100671499652629
48900.0,-0.1332124856479873
49200.0,-0.1100671499652629
49500.0,-0.0869218142825385
49800.0,0.08281064739076645
50100.0,-0.0020555834458750658
50400.0,0.04037753197245666
50700.0,0.10595598307349084
51000.0,0.08281064739076645
51300.0,0.04037753197245666
51600.0,0.04037753197245666
51900.0,0.05966531170804205
52200.0,0.05966531170804205
52500.0,0.05966531170804205
52800.0,0.05966531170804205
53100.0,0.05966531170804205
53400.0,0.05966531170804205
53700.0,0.04037753197245666
54000.0,-0.025200919128599467
54300.0,-0.06763403454693119
54600.0,-0.06763403454693119
54900.0,-0.04448869886420678
55200.0,0.04037753197245666
55500.0,-0.04448869886420678
55800.0,0.04037753197245666
56100.0,0.04037753197245666
56400.0,0.017232196289732254
56700.0,-0.0020555834458750658
57000.0,-0.0020555834458750658
57300.0,0.05966531170804205
57600.0,0.10595598307349084
57900.0,0.16767687822742988
58200.0,0.12524376280909816
58500.0,0.12524376280909816
58800.0,0.12524376280909816
59100.0,0.2101099936457616
59400.0,0.08281064739076645
59700.0,0.017232196289732254
60000.0,0.05966531170804205
60300.0,0.05966531170804205
60600.0,0.05966531170804205
60900.0,0.05966531170804205
61200.0,0.08281064739076645
61500.0,0.04037753197245666
61800.0,0.04037753197245666
62100.0,0.05966531170804205
62400.0,0.04037753197245666
62700.0,0.04037753197245666
63000.0,0.04037753197245666
63300.0,0.04037753197245666
63600.0,0.04037753197245666
63900.0,0.05966531170804205
64200.0,0.017232196289732254
64500.0,-0.025200919128599467
64800.0,-0.04448869886420678
65100.0,-0.04448869886420678
65400.0,-0.0869218142825385
65700.0,-0.1100671499652629
66000.0,-0.1756456010662971
66300.0,-0.1332124856479873
66600.0,-0.1332124856479873
66900.0,-0.1525002653835727
67200.0,-0.1525002653835727
67500.0,-0.19493338080190442
67800.0,-0.19493338080190442
68100.0,-0.1756456010662971
68400.0,-0.1756456010662971
68700.0,-0.19493338080190442
69000.0,-0.1525002653835727
69300.0,-0.1756456010662971
69600.0,-0.19493338080190442
69900.0,-0.21807871648462882
70200.0,-0.23736649622023615
70500.0,-0.23736649622023615
70800.0,-0.27979961163856787
71100.0,-0.32609028300401666
71400.0,-0.34537806273960203
71700.0,-0.36852339842232645
72000.0,-0.38781117815793376
72300.0,-0.7542789931343852
72600.0,-1.1824677032647757
72900.0,-1.097601472428134
73200.0,-0.8584330037066559
73500.0,-0.8391452239710486
73800.0,-0.7967121085527169
74100.0,-0.7967121085527169
74400.0,-0.7967121085527169
74700.0,-0.7542789931343852
75000.0,-0.7311336574516608
75300.0,-0.7118458777160753
75600.0,-0.7118458777160753
75900.0,-0.6655552063506266
76200.0,-0.6231220909322949
76500.0,-0.5614011957783558
76800.0,-0.518968080360046
77100.0,-0.4533896292589899
77400.0,-0.36852339842232645
77700.0,-0.30294494732129224
78000.0,-0.21807871648462882
78300.0,-0.1332124856479873
78600.0,-0.06763403454693119
78900.0,-0.0020555834458750658
79200.0,0.05966531170804205
79500.0,0.12524376280909816
79800.0,0.16767687822742988
80100.0,0.19082221391015428
80400.0,0.31812156016512755
80700.0,0.3412668958478519
81000.0,0.3412668958478519
81300.0,0.40298779100179094
81600.0,0.5534324729394886
81900.0,0.6190109240405447
82200.0,0.746310270295518
82500.0,0.8543218368148838
82800.0,0.9391880676515473
83100.0,1.0240542984881889
83400.0,1.1127780852719693
83700.0,1.1320658650075766
84000.0,1.1976443161086328
84300.0,1.263222767209667
84600.0,1.2825105469452742
84900.0,1.324943662363606
85200.0,1.3673767777819377
85500.0,1.4098098932002476
85800.0,1.4753883443013036
86100.0,1.5409667954023598
86400.0,1.6026876905562768
